tiempo,fluke
2021-07-26 15:42:00,437.0
2021-07-26 15:42:01,437.0
2021-07-26 15:42:02,440.0
2021-07-26 15:42:03,440.0
2021-07-26 15:42:04,444.0
2021-07-26 15:42:05,444.0
2021-07-26 15:42:06,446.0
2021-07-26 15:42:07,446.0
2021-07-26 15:42:08,453.0
2021-07-26 15:42:09,453.0
2021-07-26 15:42:10,458.0
2021-07-26 15:42:11,458.0
2021-07-26 15:42:12,462.0
2021-07-26 15:42:13,462.0
2021-07-26 15:42:14,466.0
2021-07-26 15:42:15,466.0
2021-07-26 15:42:16,471.0
2021-07-26 15:42:17,471.0
2021-07-26 15:42:18,475.0
2021-07-26 15:42:19,475.0
2021-07-26 15:42:20,479.0
2021-07-26 15:42:21,479.0
2021-07-26 15:42:22,483.0
2021-07-26 15:42:23,483.0
2021-07-26 15:42:24,488.0
2021-07-26 15:42:25,488.0
2021-07-26 15:42:26,493.0
2021-07-26 15:42:27,493.0
2021-07-26 15:42:28,497.0
2021-07-26 15:42:29,497.0
2021-07-26 15:42:30,499.0
2021-07-26 15:42:31,499.0
2021-07-26 15:42:32,503.0
2021-07-26 15:42:33,503.0
2021-07-26 15:42:34,506.0
2021-07-26 15:42:35,506.0
2021-07-26 15:42:36,509.0
2021-07-26 15:42:37,509.0
2021-07-26 15:42:38,510.0
2021-07-26 15:42:39,510.0
2021-07-26 15:42:40,511.0
2021-07-26 15:42:41,511.0
2021-07-26 15:42:42,513.0
2021-07-26 15:42:43,513.0
2021-07-26 15:42:44,515.0
2021-07-26 15:42:45,516.0
2021-07-26 15:42:46,517.0
2021-07-26 15:42:47,517.0
2021-07-26 15:42:48,519.0
2021-07-26 15:42:49,519.0
2021-07-26 15:42:50,520.0
2021-07-26 15:42:51,520.0
2021-07-26 15:42:52,523.0
2021-07-26 15:42:53,523.0
2021-07-26 15:42:54,528.0
2021-07-26 15:42:55,528.0
2021-07-26 15:42:56,532.0
2021-07-26 15:42:57,532.0
2021-07-26 15:42:58,536.0
2021-07-26 15:42:59,536.0
2021-07-26 15:43:00,539.0
2021-07-26 15:43:01,539.0
2021-07-26 15:43:02,540.0
2021-07-26 15:43:03,540.0
2021-07-26 15:43:04,541.0
2021-07-26 15:43:05,543.0
2021-07-26 15:43:06,546.0
2021-07-26 15:43:07,546.0
2021-07-26 15:43:08,547.0
2021-07-26 15:43:09,547.0
2021-07-26 15:43:10,547.0
2021-07-26 15:43:11,547.0
2021-07-26 15:43:12,548.0
2021-07-26 15:43:13,548.0
2021-07-26 15:43:14,549.0
2021-07-26 15:43:15,549.0
2021-07-26 15:43:16,550.0
2021-07-26 15:43:17,550.0
2021-07-26 15:43:18,553.0
2021-07-26 15:43:19,553.0
2021-07-26 15:43:20,557.0
2021-07-26 15:43:21,557.0
2021-07-26 15:43:22,559.0
2021-07-26 15:43:23,559.0
2021-07-26 15:43:24,561.0
2021-07-26 15:43:25,560.0
2021-07-26 15:43:26,562.0
2021-07-26 15:43:27,562.0
2021-07-26 15:43:28,566.0
2021-07-26 15:43:29,566.0
2021-07-26 15:43:30,573.0
2021-07-26 15:43:31,573.0
2021-07-26 15:43:32,574.0
2021-07-26 15:43:33,574.0
2021-07-26 15:43:34,574.0
2021-07-26 15:43:35,573.0
2021-07-26 15:43:36,573.0
2021-07-26 15:43:37,573.0
2021-07-26 15:43:38,574.0
2021-07-26 15:43:39,574.0
2021-07-26 15:43:40,576.0
2021-07-26 15:43:41,576.0
2021-07-26 15:43:42,579.0
2021-07-26 15:43:43,579.0
2021-07-26 15:43:44,584.0
2021-07-26 15:43:45,584.0
2021-07-26 15:43:46,587.0
2021-07-26 15:43:47,587.0
2021-07-26 15:43:48,590.0
2021-07-26 15:43:49,590.0
2021-07-26 15:43:50,594.0
2021-07-26 15:43:51,594.0
2021-07-26 15:43:52,598.0
2021-07-26 15:43:53,598.0
2021-07-26 15:43:54,601.0
2021-07-26 15:43:55,602.0
2021-07-26 15:43:56,602.0
2021-07-26 15:43:57,602.0
2021-07-26 15:43:58,602.0
2021-07-26 15:43:59,602.0
2021-07-26 15:44:00,600.0
2021-07-26 15:44:01,600.0
2021-07-26 15:44:02,599.0
2021-07-26 15:44:03,599.0
2021-07-26 15:44:04,601.0
2021-07-26 15:44:05,601.0
2021-07-26 15:44:06,601.0
2021-07-26 15:44:07,601.0
2021-07-26 15:44:08,601.0
2021-07-26 15:44:09,601.0
2021-07-26 15:44:10,601.0
2021-07-26 15:44:11,600.0
2021-07-26 15:44:12,600.0
2021-07-26 15:44:13,603.0
2021-07-26 15:44:14,603.0
2021-07-26 15:44:15,606.0
2021-07-26 15:44:16,606.0
2021-07-26 15:44:17,609.0
2021-07-26 15:44:18,609.0
2021-07-26 15:44:19,608.0
2021-07-26 15:44:20,607.0
2021-07-26 15:44:21,604.0
2021-07-26 15:44:22,604.0
2021-07-26 15:44:23,601.0
2021-07-26 15:44:24,601.0
2021-07-26 15:44:25,601.0
2021-07-26 15:44:26,601.0
2021-07-26 15:44:27,599.0
2021-07-26 15:44:28,600.0
2021-07-26 15:44:29,599.0
2021-07-26 15:44:30,598.0
2021-07-26 15:44:31,595.0
2021-07-26 15:44:32,595.0
2021-07-26 15:44:33,594.0
2021-07-26 15:44:34,594.0
2021-07-26 15:44:35,599.0
2021-07-26 15:44:36,599.0
2021-07-26 15:44:37,604.0
2021-07-26 15:44:38,604.0
2021-07-26 15:44:39,605.0
2021-07-26 15:44:40,605.0
2021-07-26 15:44:41,605.0
2021-07-26 15:44:42,605.0
2021-07-26 15:44:43,604.0
2021-07-26 15:44:44,604.0
2021-07-26 15:44:45,604.0
2021-07-26 15:44:46,604.0
2021-07-26 15:44:47,604.0
2021-07-26 15:44:48,604.0
2021-07-26 15:44:49,604.0
2021-07-26 15:44:50,604.0
2021-07-26 15:44:51,602.0
2021-07-26 15:44:52,602.0
2021-07-26 15:44:53,600.0
2021-07-26 15:44:54,600.0
2021-07-26 15:44:55,599.0
2021-07-26 15:44:56,599.0
2021-07-26 15:44:57,597.0
2021-07-26 15:44:58,597.0
2021-07-26 15:44:59,599.0
2021-07-26 15:45:00,599.0
2021-07-26 15:45:01,600.0
2021-07-26 15:45:02,600.0
2021-07-26 15:45:03,600.0
2021-07-26 15:45:04,600.0
2021-07-26 15:45:05,601.0
2021-07-26 15:45:06,601.0
2021-07-26 15:45:07,601.0
2021-07-26 15:45:08,601.0
2021-07-26 15:45:09,600.0
2021-07-26 15:45:10,600.0
2021-07-26 15:45:11,601.0
2021-07-26 15:45:12,601.0
2021-07-26 15:45:13,601.0
2021-07-26 15:45:14,601.0
2021-07-26 15:45:15,600.0
2021-07-26 15:45:16,600.0
2021-07-26 15:45:17,599.0
2021-07-26 15:45:18,599.0
2021-07-26 15:45:19,600.0
2021-07-26 15:45:20,600.0
2021-07-26 15:45:21,602.0
2021-07-26 15:45:22,602.0
2021-07-26 15:45:23,606.0
2021-07-26 15:45:24,606.0
2021-07-26 15:45:25,610.0
2021-07-26 15:45:26,610.0
2021-07-26 15:45:27,611.0
2021-07-26 15:45:28,611.0
2021-07-26 15:45:29,612.0
2021-07-26 15:45:30,612.0
2021-07-26 15:45:31,616.0
2021-07-26 15:45:32,616.0
2021-07-26 15:45:33,621.0
2021-07-26 15:45:34,621.0
2021-07-26 15:45:35,618.0
2021-07-26 15:45:36,618.0
2021-07-26 15:45:37,616.0
2021-07-26 15:45:38,616.0
2021-07-26 15:45:39,616.0
2021-07-26 15:45:40,616.0
2021-07-26 15:45:41,618.0
2021-07-26 15:45:42,618.0
2021-07-26 15:45:43,622.0
2021-07-26 15:45:44,622.0
2021-07-26 15:45:45,623.0
2021-07-26 15:45:46,623.0
2021-07-26 15:45:47,623.0
2021-07-26 15:45:48,623.0
2021-07-26 15:45:49,624.0
2021-07-26 15:45:50,623.0
2021-07-26 15:45:51,626.0
2021-07-26 15:45:52,626.0
2021-07-26 15:45:53,627.0
2021-07-26 15:45:54,627.0
2021-07-26 15:45:55,630.0
2021-07-26 15:45:56,631.0
2021-07-26 15:45:57,631.0
2021-07-26 15:45:58,630.0
2021-07-26 15:45:59,632.0
2021-07-26 15:46:00,633.0
2021-07-26 15:46:01,635.0
2021-07-26 15:46:02,635.0
2021-07-26 15:46:03,632.0
2021-07-26 15:46:04,632.0
2021-07-26 15:46:05,628.0
2021-07-26 15:46:06,628.0
2021-07-26 15:46:07,629.0
2021-07-26 15:46:08,629.0
2021-07-26 15:46:09,629.0
2021-07-26 15:46:10,629.0
2021-07-26 15:46:11,627.0
2021-07-26 15:46:12,627.0
2021-07-26 15:46:13,624.0
2021-07-26 15:46:14,624.0
2021-07-26 15:46:15,627.0
2021-07-26 15:46:16,627.0
2021-07-26 15:46:17,632.0
2021-07-26 15:46:18,632.0
2021-07-26 15:46:19,632.0
2021-07-26 15:46:20,632.0
2021-07-26 15:46:21,634.0
2021-07-26 15:46:22,634.0
2021-07-26 15:46:23,632.0
2021-07-26 15:46:24,633.0
2021-07-26 15:46:25,630.0
2021-07-26 15:46:26,629.0
2021-07-26 15:46:27,632.0
2021-07-26 15:46:28,632.0
2021-07-26 15:46:29,633.0
2021-07-26 15:46:30,633.0
2021-07-26 15:46:31,632.0
2021-07-26 15:46:32,632.0
2021-07-26 15:46:33,629.0
2021-07-26 15:46:34,629.0
2021-07-26 15:46:35,627.0
2021-07-26 15:46:36,627.0
2021-07-26 15:46:37,627.0
2021-07-26 15:46:38,627.0
2021-07-26 15:46:39,630.0
2021-07-26 15:46:40,629.0
2021-07-26 15:46:41,629.0
2021-07-26 15:46:42,630.0
2021-07-26 15:46:43,628.0
2021-07-26 15:46:44,628.0
2021-07-26 15:46:45,632.0
2021-07-26 15:46:46,632.0
2021-07-26 15:46:47,631.0
2021-07-26 15:46:48,630.0
2021-07-26 15:46:49,629.0
2021-07-26 15:46:50,628.0
2021-07-26 15:46:51,632.0
2021-07-26 15:46:52,632.0
2021-07-26 15:46:53,633.0
2021-07-26 15:46:54,633.0
2021-07-26 15:46:55,633.0
2021-07-26 15:46:56,633.0
2021-07-26 15:46:57,633.0
2021-07-26 15:46:58,633.0
2021-07-26 15:46:59,634.0
2021-07-26 15:47:00,635.0
2021-07-26 15:47:01,635.0
2021-07-26 15:47:02,635.0
2021-07-26 15:47:03,634.0
2021-07-26 15:47:04,634.0
2021-07-26 15:47:05,633.0
2021-07-26 15:47:06,633.0
2021-07-26 15:47:07,633.0
2021-07-26 15:47:08,633.0
2021-07-26 15:47:09,633.0
2021-07-26 15:47:10,633.0
2021-07-26 15:47:11,634.0
2021-07-26 15:47:12,634.0
2021-07-26 15:47:13,637.0
2021-07-26 15:47:14,637.0
2021-07-26 15:47:15,639.0
2021-07-26 15:47:16,640.0
2021-07-26 15:47:17,640.0
2021-07-26 15:47:18,638.0
2021-07-26 15:47:19,638.0
2021-07-26 15:47:20,638.0
2021-07-26 15:47:21,638.0
2021-07-26 15:47:22,639.0
2021-07-26 15:47:23,639.0
2021-07-26 15:47:24,638.0
2021-07-26 15:47:25,638.0
2021-07-26 15:47:26,638.0
2021-07-26 15:47:27,638.0
2021-07-26 15:47:28,639.0
2021-07-26 15:47:29,639.0
2021-07-26 15:47:30,638.0
2021-07-26 15:47:31,638.0
2021-07-26 15:47:32,637.0
2021-07-26 15:47:33,637.0
2021-07-26 15:47:34,637.0
2021-07-26 15:47:35,637.0
2021-07-26 15:47:36,638.0
2021-07-26 15:47:37,638.0
2021-07-26 15:47:38,638.0
2021-07-26 15:47:39,638.0
2021-07-26 15:47:40,639.0
2021-07-26 15:47:41,639.0
2021-07-26 15:47:42,640.0
2021-07-26 15:47:43,640.0
2021-07-26 15:47:44,643.0
2021-07-26 15:47:45,643.0
2021-07-26 15:47:46,645.0
2021-07-26 15:47:47,645.0
2021-07-26 15:47:48,646.0
2021-07-26 15:47:49,646.0
2021-07-26 15:47:50,649.0
2021-07-26 15:47:51,649.0
2021-07-26 15:47:52,652.0
2021-07-26 15:47:53,652.0
2021-07-26 15:47:54,652.0
2021-07-26 15:47:55,652.0
2021-07-26 15:47:56,650.0
2021-07-26 15:47:57,650.0
2021-07-26 15:47:58,650.0
2021-07-26 15:47:59,650.0
2021-07-26 15:48:00,649.0
2021-07-26 15:48:01,649.0
2021-07-26 15:48:02,649.0
2021-07-26 15:48:03,649.0
2021-07-26 15:48:04,649.0
2021-07-26 15:48:05,650.0
2021-07-26 15:48:06,652.0
2021-07-26 15:48:07,652.0
2021-07-26 15:48:08,654.0
2021-07-26 15:48:09,654.0
2021-07-26 15:48:10,656.0
2021-07-26 15:48:11,656.0
2021-07-26 15:48:12,658.0
2021-07-26 15:48:13,658.0
2021-07-26 15:48:14,657.0
2021-07-26 15:48:15,657.0
2021-07-26 15:48:16,657.0
2021-07-26 15:48:17,657.0
2021-07-26 15:48:18,656.0
2021-07-26 15:48:19,656.0
2021-07-26 15:48:20,655.0
2021-07-26 15:48:21,655.0
2021-07-26 15:48:22,654.0
2021-07-26 15:48:23,654.0
2021-07-26 15:48:24,652.0
2021-07-26 15:48:25,652.0
2021-07-26 15:48:26,652.0
2021-07-26 15:48:27,652.0
2021-07-26 15:48:28,650.0
2021-07-26 15:48:29,650.0
2021-07-26 15:48:30,646.0
2021-07-26 15:48:31,646.0
2021-07-26 15:48:32,645.0
2021-07-26 15:48:33,645.0
2021-07-26 15:48:34,646.0
2021-07-26 15:48:35,647.0
2021-07-26 15:48:36,650.0
2021-07-26 15:48:37,650.0
2021-07-26 15:48:38,652.0
2021-07-26 15:48:39,652.0
2021-07-26 15:48:40,652.0
2021-07-26 15:48:41,652.0
2021-07-26 15:48:42,651.0
2021-07-26 15:48:43,651.0
2021-07-26 15:48:44,651.0
2021-07-26 15:48:45,651.0
2021-07-26 15:48:46,652.0
2021-07-26 15:48:47,652.0
2021-07-26 15:48:48,650.0
2021-07-26 15:48:49,650.0
2021-07-26 15:48:50,650.0
2021-07-26 15:48:51,650.0
2021-07-26 15:48:52,650.0
2021-07-26 15:48:53,650.0
2021-07-26 15:48:54,650.0
2021-07-26 15:48:55,650.0
2021-07-26 15:48:56,650.0
2021-07-26 15:48:57,650.0
2021-07-26 15:48:58,650.0
2021-07-26 15:48:59,650.0
2021-07-26 15:49:00,652.0
2021-07-26 15:49:01,652.0
2021-07-26 15:49:02,654.0
2021-07-26 15:49:03,654.0
2021-07-26 15:49:04,656.0
2021-07-26 15:49:05,655.0
2021-07-26 15:49:06,657.0
2021-07-26 15:49:07,657.0
2021-07-26 15:49:08,658.0
2021-07-26 15:49:09,658.0
2021-07-26 15:49:10,660.0
2021-07-26 15:49:11,660.0
2021-07-26 15:49:12,658.0
2021-07-26 15:49:13,658.0
2021-07-26 15:49:14,656.0
2021-07-26 15:49:15,657.0
2021-07-26 15:49:16,657.0
2021-07-26 15:49:17,657.0
2021-07-26 15:49:18,657.0
2021-07-26 15:49:19,657.0
2021-07-26 15:49:20,656.0
2021-07-26 15:49:21,656.0
2021-07-26 15:49:22,659.0
2021-07-26 15:49:23,659.0
2021-07-26 15:49:24,658.0
2021-07-26 15:49:25,658.0
2021-07-26 15:49:26,655.0
2021-07-26 15:49:27,655.0
2021-07-26 15:49:28,654.0
2021-07-26 15:49:29,654.0
2021-07-26 15:49:30,654.0
2021-07-26 15:49:31,654.0
2021-07-26 15:49:32,656.0
2021-07-26 15:49:33,656.0
2021-07-26 15:49:34,659.0
2021-07-26 15:49:35,659.0
2021-07-26 15:49:36,659.0
2021-07-26 15:49:37,659.0
2021-07-26 15:49:38,663.0
2021-07-26 15:49:39,663.0
2021-07-26 15:49:40,665.0
2021-07-26 15:49:41,665.0
2021-07-26 15:49:42,665.0
2021-07-26 15:49:43,665.0
2021-07-26 15:49:44,665.0
2021-07-26 15:49:45,665.0
2021-07-26 15:49:46,665.0
2021-07-26 15:49:47,665.0
2021-07-26 15:49:48,666.0
2021-07-26 15:49:49,666.0
2021-07-26 15:49:50,665.0
2021-07-26 15:49:51,665.0
2021-07-26 15:49:52,667.0
2021-07-26 15:49:53,667.0
2021-07-26 15:49:54,668.0
2021-07-26 15:49:55,669.0
2021-07-26 15:49:56,669.0
2021-07-26 15:49:57,669.0
2021-07-26 15:49:58,670.0
2021-07-26 15:49:59,670.0
2021-07-26 15:50:00,671.0
2021-07-26 15:50:01,671.0
2021-07-26 15:50:02,671.0
2021-07-26 15:50:03,671.0
2021-07-26 15:50:04,671.0
2021-07-26 15:50:05,670.0
2021-07-26 15:50:06,674.0
2021-07-26 15:50:07,674.0
2021-07-26 15:50:08,675.0
2021-07-26 15:50:09,675.0
2021-07-26 15:50:10,676.0
2021-07-26 15:50:11,676.0
2021-07-26 15:50:12,675.0
2021-07-26 15:50:13,675.0
2021-07-26 15:50:14,675.0
2021-07-26 15:50:15,675.0
2021-07-26 15:50:16,676.0
2021-07-26 15:50:17,676.0
2021-07-26 15:50:18,676.0
2021-07-26 15:50:19,676.0
2021-07-26 15:50:20,677.0
2021-07-26 15:50:21,677.0
2021-07-26 15:50:22,677.0
2021-07-26 15:50:23,676.0
2021-07-26 15:50:24,676.0
2021-07-26 15:50:25,676.0
2021-07-26 15:50:26,676.0
2021-07-26 15:50:27,676.0
2021-07-26 15:50:28,676.0
2021-07-26 15:50:29,676.0
2021-07-26 15:50:30,677.0
2021-07-26 15:50:31,676.0
2021-07-26 15:50:32,676.0
2021-07-26 15:50:33,675.0
2021-07-26 15:50:34,675.0
2021-07-26 15:50:35,676.0
2021-07-26 15:50:36,676.0
2021-07-26 15:50:37,675.0
2021-07-26 15:50:38,675.0
2021-07-26 15:50:39,675.0
2021-07-26 15:50:40,675.0
2021-07-26 15:50:41,674.0
2021-07-26 15:50:42,674.0
2021-07-26 15:50:43,674.0
2021-07-26 15:50:44,674.0
2021-07-26 15:50:45,672.0
2021-07-26 15:50:46,672.0
2021-07-26 15:50:47,672.0
2021-07-26 15:50:48,672.0
2021-07-26 15:50:49,674.0
2021-07-26 15:50:50,674.0
2021-07-26 15:50:51,676.0
2021-07-26 15:50:52,676.0
2021-07-26 15:50:53,675.0
2021-07-26 15:50:54,675.0
2021-07-26 15:50:55,675.0
2021-07-26 15:50:56,675.0
2021-07-26 15:50:57,675.0
2021-07-26 15:50:58,675.0
2021-07-26 15:50:59,672.0
2021-07-26 15:51:00,672.0
2021-07-26 15:51:01,671.0
2021-07-26 15:51:02,671.0
2021-07-26 15:51:03,671.0
2021-07-26 15:51:04,671.0
2021-07-26 15:51:05,671.0
2021-07-26 15:51:06,671.0
2021-07-26 15:51:07,672.0
2021-07-26 15:51:08,672.0
2021-07-26 15:51:09,673.0
2021-07-26 15:51:10,672.0
2021-07-26 15:51:11,674.0
2021-07-26 15:51:12,674.0
2021-07-26 15:51:13,675.0
2021-07-26 15:51:14,675.0
2021-07-26 15:51:15,674.0
2021-07-26 15:51:16,674.0
2021-07-26 15:51:17,674.0
2021-07-26 15:51:18,674.0
2021-07-26 15:51:19,675.0
2021-07-26 15:51:20,676.0
2021-07-26 15:51:21,678.0
2021-07-26 15:51:22,678.0
2021-07-26 15:51:23,681.0
2021-07-26 15:51:24,681.0
2021-07-26 15:51:25,682.0
2021-07-26 15:51:26,682.0
2021-07-26 15:51:27,682.0
2021-07-26 15:51:28,682.0
2021-07-26 15:51:29,681.0
2021-07-26 15:51:30,680.0
2021-07-26 15:51:31,677.0
2021-07-26 15:51:32,677.0
2021-07-26 15:51:33,676.0
2021-07-26 15:51:34,676.0
2021-07-26 15:51:35,677.0
2021-07-26 15:51:36,677.0
2021-07-26 15:51:37,676.0
2021-07-26 15:51:38,676.0
2021-07-26 15:51:39,678.0
2021-07-26 15:51:40,677.0
2021-07-26 15:51:41,679.0
2021-07-26 15:51:42,679.0
2021-07-26 15:51:43,680.0
2021-07-26 15:51:44,680.0
2021-07-26 15:51:45,681.0
2021-07-26 15:51:46,681.0
2021-07-26 15:51:47,683.0
2021-07-26 15:51:48,683.0
2021-07-26 15:51:49,683.0
2021-07-26 15:51:50,683.0
2021-07-26 15:51:51,682.0
2021-07-26 15:51:52,682.0
2021-07-26 15:51:53,682.0
2021-07-26 15:51:54,682.0
2021-07-26 15:51:55,686.0
2021-07-26 15:51:56,686.0
2021-07-26 15:51:57,688.0
2021-07-26 15:51:58,688.0
2021-07-26 15:51:59,688.0
2021-07-26 15:52:00,687.0
2021-07-26 15:52:01,687.0
2021-07-26 15:52:02,687.0
2021-07-26 15:52:03,687.0
2021-07-26 15:52:04,687.0
2021-07-26 15:52:05,687.0
2021-07-26 15:52:06,687.0
2021-07-26 15:52:07,687.0
2021-07-26 15:52:08,687.0
2021-07-26 15:52:09,688.0
2021-07-26 15:52:10,688.0
2021-07-26 15:52:11,691.0
2021-07-26 15:52:12,691.0
2021-07-26 15:52:13,693.0
2021-07-26 15:52:14,693.0
2021-07-26 15:52:15,694.0
2021-07-26 15:52:16,694.0
2021-07-26 15:52:17,697.0
2021-07-26 15:52:18,697.0
2021-07-26 15:52:19,697.0
2021-07-26 15:52:20,696.0
2021-07-26 15:52:21,695.0
2021-07-26 15:52:22,695.0
2021-07-26 15:52:23,695.0
2021-07-26 15:52:24,695.0
2021-07-26 15:52:25,693.0
2021-07-26 15:52:26,693.0
2021-07-26 15:52:27,691.0
2021-07-26 15:52:28,691.0
2021-07-26 15:52:29,692.0
2021-07-26 15:52:30,693.0
2021-07-26 15:52:31,695.0
2021-07-26 15:52:32,695.0
2021-07-26 15:52:33,694.0
2021-07-26 15:52:34,694.0
2021-07-26 15:52:35,693.0
2021-07-26 15:52:36,693.0
2021-07-26 15:52:37,693.0
2021-07-26 15:52:38,693.0
2021-07-26 15:52:39,692.0
2021-07-26 15:52:40,692.0
2021-07-26 15:52:41,691.0
2021-07-26 15:52:42,691.0
2021-07-26 15:52:43,691.0
2021-07-26 15:52:44,691.0
2021-07-26 15:52:45,692.0
2021-07-26 15:52:46,692.0
2021-07-26 15:52:47,693.0
2021-07-26 15:52:48,693.0
2021-07-26 15:52:49,691.0
2021-07-26 15:52:50,691.0
2021-07-26 15:52:51,690.0
2021-07-26 15:52:52,690.0
2021-07-26 15:52:53,688.0
2021-07-26 15:52:54,688.0
2021-07-26 15:52:55,686.0
2021-07-26 15:52:56,686.0
2021-07-26 15:52:57,682.0
2021-07-26 15:52:58,682.0
2021-07-26 15:52:59,680.0
2021-07-26 15:53:00,680.0
2021-07-26 15:53:01,680.0
2021-07-26 15:53:02,680.0
2021-07-26 15:53:03,680.0
2021-07-26 15:53:04,680.0
2021-07-26 15:53:05,680.0
2021-07-26 15:53:06,680.0
2021-07-26 15:53:07,681.0
2021-07-26 15:53:08,681.0
2021-07-26 15:53:09,681.0
2021-07-26 15:53:10,681.0
2021-07-26 15:53:11,683.0
2021-07-26 15:53:12,683.0
2021-07-26 15:53:13,685.0
2021-07-26 15:53:14,685.0
2021-07-26 15:53:15,685.0
2021-07-26 15:53:16,685.0
2021-07-26 15:53:17,683.0
2021-07-26 15:53:18,683.0
2021-07-26 15:53:19,683.0
2021-07-26 15:53:20,683.0
2021-07-26 15:53:21,685.0
2021-07-26 15:53:22,685.0
2021-07-26 15:53:23,685.0
2021-07-26 15:53:24,685.0
2021-07-26 15:53:25,685.0
2021-07-26 15:53:26,687.0
2021-07-26 15:53:27,687.0
2021-07-26 15:53:28,691.0
2021-07-26 15:53:29,691.0
2021-07-26 15:53:30,694.0
2021-07-26 15:53:31,694.0
2021-07-26 15:53:32,696.0
2021-07-26 15:53:33,696.0
2021-07-26 15:53:34,697.0
2021-07-26 15:53:35,698.0
2021-07-26 15:53:36,702.0
2021-07-26 15:53:37,702.0
2021-07-26 15:53:38,704.0
2021-07-26 15:53:39,704.0
2021-07-26 15:53:40,706.0
2021-07-26 15:53:41,706.0
2021-07-26 15:53:42,706.0
2021-07-26 15:53:43,706.0
2021-07-26 15:53:44,706.0
2021-07-26 15:53:45,706.0
2021-07-26 15:53:46,704.0
2021-07-26 15:53:47,704.0
2021-07-26 15:53:48,703.0
2021-07-26 15:53:49,703.0
2021-07-26 15:53:50,702.0
2021-07-26 15:53:51,702.0
2021-07-26 15:53:52,702.0
2021-07-26 15:53:53,702.0
2021-07-26 15:53:54,705.0
2021-07-26 15:53:55,706.0
2021-07-26 15:53:56,707.0
2021-07-26 15:53:57,707.0
2021-07-26 15:53:58,708.0
2021-07-26 15:53:59,708.0
2021-07-26 15:54:00,707.0
2021-07-26 15:54:01,707.0
2021-07-26 15:54:02,707.0
2021-07-26 15:54:03,707.0
2021-07-26 15:54:04,707.0
2021-07-26 15:54:05,706.0
2021-07-26 15:54:06,703.0
2021-07-26 15:54:07,703.0
2021-07-26 15:54:08,701.0
2021-07-26 15:54:09,701.0
2021-07-26 15:54:10,700.0
2021-07-26 15:54:11,700.0
2021-07-26 15:54:12,702.0
2021-07-26 15:54:13,702.0
2021-07-26 15:54:14,702.0
2021-07-26 15:54:15,701.0
2021-07-26 15:54:16,698.0
2021-07-26 15:54:17,698.0
2021-07-26 15:54:18,698.0
2021-07-26 15:54:19,698.0
2021-07-26 15:54:20,700.0
2021-07-26 15:54:21,700.0
2021-07-26 15:54:22,703.0
2021-07-26 15:54:23,703.0
2021-07-26 15:54:24,706.0
2021-07-26 15:54:25,707.0
2021-07-26 15:54:26,709.0
2021-07-26 15:54:27,709.0
2021-07-26 15:54:28,710.0
2021-07-26 15:54:29,710.0
2021-07-26 15:54:30,709.0
2021-07-26 15:54:31,709.0
2021-07-26 15:54:32,708.0
2021-07-26 15:54:33,708.0
2021-07-26 15:54:34,708.0
2021-07-26 15:54:35,707.0
2021-07-26 15:54:36,706.0
2021-07-26 15:54:37,706.0
2021-07-26 15:54:38,706.0
2021-07-26 15:54:39,706.0
2021-07-26 15:54:40,709.0
2021-07-26 15:54:41,709.0
2021-07-26 15:54:42,711.0
2021-07-26 15:54:43,711.0
2021-07-26 15:54:44,710.0
2021-07-26 15:54:45,709.0
2021-07-26 15:54:46,710.0
2021-07-26 15:54:47,710.0
2021-07-26 15:54:48,712.0
2021-07-26 15:54:49,712.0
2021-07-26 15:54:50,713.0
2021-07-26 15:54:51,713.0
2021-07-26 15:54:52,715.0
2021-07-26 15:54:53,715.0
2021-07-26 15:54:54,713.0
2021-07-26 15:54:55,713.0
2021-07-26 15:54:56,715.0
2021-07-26 15:54:57,715.0
2021-07-26 15:54:58,716.0
2021-07-26 15:54:59,716.0
2021-07-26 15:55:00,713.0
2021-07-26 15:55:01,713.0
2021-07-26 15:55:02,711.0
2021-07-26 15:55:03,711.0
2021-07-26 15:55:04,710.0
2021-07-26 15:55:05,710.0
2021-07-26 15:55:06,709.0
2021-07-26 15:55:07,709.0
2021-07-26 15:55:08,708.0
2021-07-26 15:55:09,708.0
2021-07-26 15:55:10,707.0
2021-07-26 15:55:11,707.0
2021-07-26 15:55:12,707.0
2021-07-26 15:55:13,707.0
2021-07-26 15:55:14,706.0
2021-07-26 15:55:15,706.0
2021-07-26 15:55:16,706.0
2021-07-26 15:55:17,706.0
2021-07-26 15:55:18,706.0
2021-07-26 15:55:19,706.0
2021-07-26 15:55:20,705.0
2021-07-26 15:55:21,705.0
2021-07-26 15:55:22,705.0
2021-07-26 15:55:23,705.0
2021-07-26 15:55:24,705.0
2021-07-26 15:55:25,706.0
2021-07-26 15:55:26,706.0
2021-07-26 15:55:27,706.0
2021-07-26 15:55:28,704.0
2021-07-26 15:55:29,704.0
2021-07-26 15:55:30,703.0
2021-07-26 15:55:31,703.0
2021-07-26 15:55:32,704.0
2021-07-26 15:55:33,704.0
2021-07-26 15:55:34,706.0
2021-07-26 15:55:35,705.0
2021-07-26 15:55:36,703.0
2021-07-26 15:55:37,703.0
2021-07-26 15:55:38,703.0
2021-07-26 15:55:39,703.0
2021-07-26 15:55:40,703.0
2021-07-26 15:55:41,703.0
2021-07-26 15:55:42,702.0
2021-07-26 15:55:43,702.0
2021-07-26 15:55:44,703.0
2021-07-26 15:55:45,703.0
2021-07-26 15:55:46,702.0
2021-07-26 15:55:47,702.0
2021-07-26 15:55:48,703.0
2021-07-26 15:55:49,703.0
2021-07-26 15:55:50,705.0
2021-07-26 15:55:51,705.0
2021-07-26 15:55:52,705.0
2021-07-26 15:55:53,705.0
2021-07-26 15:55:54,705.0
2021-07-26 15:55:55,705.0
2021-07-26 15:55:56,706.0
2021-07-26 15:55:57,706.0
2021-07-26 15:55:58,707.0
2021-07-26 15:55:59,707.0
2021-07-26 15:56:00,707.0
2021-07-26 15:56:01,707.0
2021-07-26 15:56:02,708.0
2021-07-26 15:56:03,708.0
2021-07-26 15:56:04,707.0
2021-07-26 15:56:05,709.0
2021-07-26 15:56:06,708.0
2021-07-26 15:56:07,708.0
2021-07-26 15:56:08,709.0
2021-07-26 15:56:09,709.0
2021-07-26 15:56:10,706.0
2021-07-26 15:56:11,706.0
2021-07-26 15:56:12,705.0
2021-07-26 15:56:13,705.0
2021-07-26 15:56:14,706.0
2021-07-26 15:56:15,707.0
2021-07-26 15:56:16,709.0
2021-07-26 15:56:17,709.0
2021-07-26 15:56:18,709.0
2021-07-26 15:56:19,709.0
2021-07-26 15:56:20,708.0
2021-07-26 15:56:21,708.0
2021-07-26 15:56:22,711.0
2021-07-26 15:56:23,711.0
2021-07-26 15:56:24,712.0
2021-07-26 15:56:25,713.0
2021-07-26 15:56:26,714.0
2021-07-26 15:56:27,714.0
2021-07-26 15:56:28,714.0
2021-07-26 15:56:29,715.0
2021-07-26 15:56:30,715.0
2021-07-26 15:56:31,717.0
2021-07-26 15:56:32,717.0
2021-07-26 15:56:33,719.0
2021-07-26 15:56:34,719.0
2021-07-26 15:56:35,721.0
2021-07-26 15:56:36,721.0
2021-07-26 15:56:37,721.0
2021-07-26 15:56:38,721.0
2021-07-26 15:56:39,722.0
2021-07-26 15:56:40,722.0
2021-07-26 15:56:41,723.0
2021-07-26 15:56:42,723.0
2021-07-26 15:56:43,722.0
2021-07-26 15:56:44,722.0
2021-07-26 15:56:45,723.0
2021-07-26 15:56:46,723.0
2021-07-26 15:56:47,724.0
2021-07-26 15:56:48,724.0
2021-07-26 15:56:49,726.0
2021-07-26 15:56:50,724.0
2021-07-26 15:56:51,724.0
2021-07-26 15:56:52,724.0
2021-07-26 15:56:53,724.0
2021-07-26 15:56:54,724.0
2021-07-26 15:56:55,722.0
2021-07-26 15:56:56,722.0
2021-07-26 15:56:57,722.0
2021-07-26 15:56:58,722.0
2021-07-26 15:56:59,723.0
2021-07-26 15:57:00,723.0
2021-07-26 15:57:01,724.0
2021-07-26 15:57:02,724.0
2021-07-26 15:57:03,726.0
2021-07-26 15:57:04,726.0
2021-07-26 15:57:05,726.0
2021-07-26 15:57:06,726.0
2021-07-26 15:57:07,727.0
2021-07-26 15:57:08,727.0
2021-07-26 15:57:09,728.0
2021-07-26 15:57:10,728.0
2021-07-26 15:57:11,727.0
2021-07-26 15:57:12,727.0
2021-07-26 15:57:13,724.0
2021-07-26 15:57:14,724.0
2021-07-26 15:57:15,723.0
2021-07-26 15:57:16,723.0
2021-07-26 15:57:17,722.0
2021-07-26 15:57:18,722.0
2021-07-26 15:57:19,722.0
2021-07-26 15:57:20,721.0
2021-07-26 15:57:21,720.0
2021-07-26 15:57:22,720.0
2021-07-26 15:57:23,722.0
2021-07-26 15:57:24,722.0
2021-07-26 15:57:25,726.0
2021-07-26 15:57:26,726.0
2021-07-26 15:57:27,724.0
2021-07-26 15:57:28,724.0
2021-07-26 15:57:29,722.0
2021-07-26 15:57:30,721.0
2021-07-26 15:57:31,721.0
2021-07-26 15:57:32,721.0
2021-07-26 15:57:33,720.0
2021-07-26 15:57:34,720.0
2021-07-26 15:57:35,719.0
2021-07-26 15:57:36,719.0
2021-07-26 15:57:37,719.0
2021-07-26 15:57:38,719.0
2021-07-26 15:57:39,719.0
2021-07-26 15:57:40,719.0
2021-07-26 15:57:41,721.0
2021-07-26 15:57:42,721.0
2021-07-26 15:57:43,719.0
2021-07-26 15:57:44,719.0
2021-07-26 15:57:45,717.0
2021-07-26 15:57:46,717.0
2021-07-26 15:57:47,718.0
2021-07-26 15:57:48,718.0
2021-07-26 15:57:49,717.0
2021-07-26 15:57:50,716.0
2021-07-26 15:57:51,715.0
2021-07-26 15:57:52,715.0
2021-07-26 15:57:53,714.0
2021-07-26 15:57:54,714.0
2021-07-26 15:57:55,715.0
2021-07-26 15:57:56,715.0
2021-07-26 15:57:57,715.0
2021-07-26 15:57:58,715.0
2021-07-26 15:57:59,713.0
2021-07-26 15:58:00,712.0
2021-07-26 15:58:01,712.0
2021-07-26 15:58:02,712.0
2021-07-26 15:58:03,710.0
2021-07-26 15:58:04,710.0
2021-07-26 15:58:05,711.0
2021-07-26 15:58:06,711.0
2021-07-26 15:58:07,711.0
2021-07-26 15:58:08,711.0
2021-07-26 15:58:09,711.0
2021-07-26 15:58:10,710.0
2021-07-26 15:58:11,708.0
2021-07-26 15:58:12,708.0
2021-07-26 15:58:13,710.0
2021-07-26 15:58:14,710.0
2021-07-26 15:58:15,711.0
2021-07-26 15:58:16,711.0
2021-07-26 15:58:17,711.0
2021-07-26 15:58:18,711.0
2021-07-26 15:58:19,710.0
2021-07-26 15:58:20,711.0
2021-07-26 15:58:21,708.0
2021-07-26 15:58:22,708.0
2021-07-26 15:58:23,708.0
2021-07-26 15:58:24,708.0
2021-07-26 15:58:25,708.0
2021-07-26 15:58:26,708.0
2021-07-26 15:58:27,706.0
2021-07-26 15:58:28,706.0
2021-07-26 15:58:29,703.0
2021-07-26 15:58:30,704.0
2021-07-26 15:58:31,705.0
2021-07-26 15:58:32,705.0
2021-07-26 15:58:33,705.0
2021-07-26 15:58:34,705.0
2021-07-26 15:58:35,704.0
2021-07-26 15:58:36,704.0
2021-07-26 15:58:37,704.0
2021-07-26 15:58:38,704.0
2021-07-26 15:58:39,705.0
2021-07-26 15:58:40,705.0
2021-07-26 15:58:41,707.0
2021-07-26 15:58:42,707.0
2021-07-26 15:58:43,710.0
2021-07-26 15:58:44,710.0
2021-07-26 15:58:45,712.0
2021-07-26 15:58:46,712.0
2021-07-26 15:58:47,712.0
2021-07-26 15:58:48,712.0
2021-07-26 15:58:49,714.0
2021-07-26 15:58:50,716.0
2021-07-26 15:58:51,717.0
2021-07-26 15:58:52,717.0
2021-07-26 15:58:53,718.0
2021-07-26 15:58:54,718.0
2021-07-26 15:58:55,714.0
2021-07-26 15:58:56,714.0
2021-07-26 15:58:57,715.0
2021-07-26 15:58:58,715.0
2021-07-26 15:58:59,716.0
2021-07-26 15:59:00,718.0
2021-07-26 15:59:01,718.0
2021-07-26 15:59:02,718.0
2021-07-26 15:59:03,718.0
2021-07-26 15:59:04,718.0
2021-07-26 15:59:05,715.0
2021-07-26 15:59:06,715.0
2021-07-26 15:59:07,716.0
2021-07-26 15:59:08,716.0
2021-07-26 15:59:09,719.0
2021-07-26 15:59:10,719.0
2021-07-26 15:59:11,721.0
2021-07-26 15:59:12,721.0
2021-07-26 15:59:13,723.0
2021-07-26 15:59:14,723.0
2021-07-26 15:59:15,726.0
2021-07-26 15:59:16,726.0
2021-07-26 15:59:17,725.0
2021-07-26 15:59:18,725.0
2021-07-26 15:59:19,723.0
2021-07-26 15:59:20,723.0
2021-07-26 15:59:21,721.0
2021-07-26 15:59:22,721.0
2021-07-26 15:59:23,721.0
2021-07-26 15:59:24,721.0
2021-07-26 15:59:25,721.0
2021-07-26 15:59:26,722.0
2021-07-26 15:59:27,722.0
2021-07-26 15:59:28,725.0
2021-07-26 15:59:29,725.0
2021-07-26 15:59:30,726.0
2021-07-26 15:59:31,726.0
2021-07-26 15:59:32,727.0
2021-07-26 15:59:33,727.0
2021-07-26 15:59:34,730.0
2021-07-26 15:59:35,732.0
2021-07-26 15:59:36,733.0
2021-07-26 15:59:37,733.0
2021-07-26 15:59:38,733.0
2021-07-26 15:59:39,733.0
2021-07-26 15:59:40,730.0
2021-07-26 15:59:41,730.0
2021-07-26 15:59:42,731.0
2021-07-26 15:59:43,731.0
2021-07-26 15:59:44,734.0
2021-07-26 15:59:45,735.0
2021-07-26 15:59:46,736.0
2021-07-26 15:59:47,736.0
2021-07-26 15:59:48,736.0
2021-07-26 15:59:49,736.0
2021-07-26 15:59:50,736.0
2021-07-26 15:59:51,736.0
2021-07-26 15:59:52,734.0
2021-07-26 15:59:53,734.0
2021-07-26 15:59:54,736.0
2021-07-26 15:59:55,735.0
2021-07-26 15:59:56,736.0
2021-07-26 15:59:57,736.0
2021-07-26 15:59:58,738.0
2021-07-26 15:59:59,738.0
2021-07-26 16:00:00,741.0
2021-07-26 16:00:01,741.0
2021-07-26 16:00:02,742.0
2021-07-26 16:00:03,742.0
2021-07-26 16:00:04,744.0
2021-07-26 16:00:05,744.0
2021-07-26 16:00:06,742.0
2021-07-26 16:00:07,742.0
2021-07-26 16:00:08,738.0
2021-07-26 16:00:09,738.0
2021-07-26 16:00:10,737.0
2021-07-26 16:00:11,737.0
2021-07-26 16:00:12,738.0
2021-07-26 16:00:13,738.0
2021-07-26 16:00:14,738.0
2021-07-26 16:00:15,737.0
2021-07-26 16:00:16,737.0
2021-07-26 16:00:17,737.0
2021-07-26 16:00:18,736.0
2021-07-26 16:00:19,736.0
2021-07-26 16:00:20,738.0
2021-07-26 16:00:21,738.0
2021-07-26 16:00:22,736.0
2021-07-26 16:00:23,736.0
2021-07-26 16:00:24,733.0
2021-07-26 16:00:25,733.0
2021-07-26 16:00:26,735.0
2021-07-26 16:00:27,735.0
2021-07-26 16:00:28,737.0
2021-07-26 16:00:29,737.0
2021-07-26 16:00:30,738.0
2021-07-26 16:00:31,738.0
2021-07-26 16:00:32,738.0
2021-07-26 16:00:33,738.0
2021-07-26 16:00:34,735.0
2021-07-26 16:00:35,736.0
2021-07-26 16:00:36,736.0
2021-07-26 16:00:37,736.0
2021-07-26 16:00:38,737.0
2021-07-26 16:00:39,737.0
2021-07-26 16:00:40,736.0
2021-07-26 16:00:41,736.0
2021-07-26 16:00:42,735.0
2021-07-26 16:00:43,735.0
2021-07-26 16:00:44,732.0
2021-07-26 16:00:45,732.0
2021-07-26 16:00:46,733.0
2021-07-26 16:00:47,733.0
2021-07-26 16:00:48,736.0
2021-07-26 16:00:49,736.0
2021-07-26 16:00:50,735.0
2021-07-26 16:00:51,735.0
2021-07-26 16:00:52,731.0
2021-07-26 16:00:53,731.0
2021-07-26 16:00:54,731.0
2021-07-26 16:00:55,731.0
2021-07-26 16:00:56,731.0
2021-07-26 16:00:57,731.0
2021-07-26 16:00:58,731.0
2021-07-26 16:00:59,731.0
2021-07-26 16:01:00,731.0
2021-07-26 16:01:01,731.0
2021-07-26 16:01:02,733.0
2021-07-26 16:01:03,733.0
2021-07-26 16:01:04,736.0
2021-07-26 16:01:05,736.0
2021-07-26 16:01:06,733.0
2021-07-26 16:01:07,733.0
2021-07-26 16:01:08,732.0
2021-07-26 16:01:09,732.0
2021-07-26 16:01:10,731.0
2021-07-26 16:01:11,731.0
2021-07-26 16:01:12,731.0
2021-07-26 16:01:13,731.0
2021-07-26 16:01:14,732.0
2021-07-26 16:01:15,732.0
2021-07-26 16:01:16,731.0
2021-07-26 16:01:17,731.0
2021-07-26 16:01:18,726.0
2021-07-26 16:01:19,726.0
2021-07-26 16:01:20,723.0
2021-07-26 16:01:21,723.0
2021-07-26 16:01:22,725.0
2021-07-26 16:01:23,725.0
2021-07-26 16:01:24,726.0
2021-07-26 16:01:25,726.0
2021-07-26 16:01:26,725.0
2021-07-26 16:01:27,725.0
2021-07-26 16:01:28,722.0
2021-07-26 16:01:29,722.0
2021-07-26 16:01:30,722.0
2021-07-26 16:01:31,722.0
2021-07-26 16:01:32,723.0
2021-07-26 16:01:33,723.0
2021-07-26 16:01:34,723.0
2021-07-26 16:01:35,726.0
2021-07-26 16:01:36,726.0
2021-07-26 16:01:37,726.0
2021-07-26 16:01:38,726.0
2021-07-26 16:01:39,726.0
2021-07-26 16:01:40,724.0
2021-07-26 16:01:41,724.0
2021-07-26 16:01:42,721.0
2021-07-26 16:01:43,721.0
2021-07-26 16:01:44,720.0
2021-07-26 16:01:45,719.0
2021-07-26 16:01:46,719.0
2021-07-26 16:01:47,719.0
2021-07-26 16:01:48,716.0
2021-07-26 16:01:49,716.0
2021-07-26 16:01:50,716.0
2021-07-26 16:01:51,716.0
2021-07-26 16:01:52,715.0
2021-07-26 16:01:53,715.0
2021-07-26 16:01:54,717.0
2021-07-26 16:01:55,717.0
2021-07-26 16:01:56,720.0
2021-07-26 16:01:57,720.0
2021-07-26 16:01:58,725.0
2021-07-26 16:01:59,725.0
2021-07-26 16:02:00,730.0
2021-07-26 16:02:01,730.0
2021-07-26 16:02:02,731.0
2021-07-26 16:02:03,731.0
2021-07-26 16:02:04,730.0
2021-07-26 16:02:05,730.0
2021-07-26 16:02:06,732.0
2021-07-26 16:02:07,732.0
2021-07-26 16:02:08,736.0
2021-07-26 16:02:09,736.0
2021-07-26 16:02:10,738.0
2021-07-26 16:02:11,738.0
2021-07-26 16:02:12,741.0
2021-07-26 16:02:13,741.0
2021-07-26 16:02:14,741.0
2021-07-26 16:02:15,741.0
2021-07-26 16:02:16,739.0
2021-07-26 16:02:17,739.0
2021-07-26 16:02:18,739.0
2021-07-26 16:02:19,739.0
2021-07-26 16:02:20,739.0
2021-07-26 16:02:21,739.0
2021-07-26 16:02:22,742.0
2021-07-26 16:02:23,742.0
2021-07-26 16:02:24,744.0
2021-07-26 16:02:25,744.0
2021-07-26 16:02:26,746.0
2021-07-26 16:02:27,746.0
2021-07-26 16:02:28,749.0
2021-07-26 16:02:29,749.0
2021-07-26 16:02:30,753.0
2021-07-26 16:02:31,752.0
2021-07-26 16:02:32,752.0
2021-07-26 16:02:33,750.0
2021-07-26 16:02:34,750.0
2021-07-26 16:02:35,749.0
2021-07-26 16:02:36,749.0
2021-07-26 16:02:37,747.0
2021-07-26 16:02:38,747.0
2021-07-26 16:02:39,742.0
2021-07-26 16:02:40,741.0
2021-07-26 16:02:41,738.0
2021-07-26 16:02:42,738.0
2021-07-26 16:02:43,738.0
2021-07-26 16:02:44,738.0
2021-07-26 16:02:45,737.0
2021-07-26 16:02:46,737.0
2021-07-26 16:02:47,733.0
2021-07-26 16:02:48,733.0
2021-07-26 16:02:49,733.0
2021-07-26 16:02:50,733.0
2021-07-26 16:02:51,735.0
2021-07-26 16:02:52,735.0
2021-07-26 16:02:53,737.0
2021-07-26 16:02:54,737.0
2021-07-26 16:02:55,739.0
2021-07-26 16:02:56,739.0
2021-07-26 16:02:57,741.0
2021-07-26 16:02:58,741.0
2021-07-26 16:02:59,743.0
2021-07-26 16:03:00,743.0
2021-07-26 16:03:01,742.0
2021-07-26 16:03:02,742.0
2021-07-26 16:03:03,741.0
2021-07-26 16:03:04,741.0
2021-07-26 16:03:05,741.0
2021-07-26 16:03:06,741.0
2021-07-26 16:03:07,739.0
2021-07-26 16:03:08,739.0
2021-07-26 16:03:09,737.0
2021-07-26 16:03:10,738.0
2021-07-26 16:03:11,738.0
2021-07-26 16:03:12,738.0
2021-07-26 16:03:13,738.0
2021-07-26 16:03:14,738.0
2021-07-26 16:03:15,736.0
2021-07-26 16:03:16,736.0
2021-07-26 16:03:17,738.0
2021-07-26 16:03:18,738.0
2021-07-26 16:03:19,739.0
2021-07-26 16:03:20,739.0
2021-07-26 16:03:21,742.0
2021-07-26 16:03:22,742.0
2021-07-26 16:03:23,742.0
2021-07-26 16:03:24,742.0
2021-07-26 16:03:25,743.0
2021-07-26 16:03:26,743.0
2021-07-26 16:03:27,743.0
2021-07-26 16:03:28,743.0
2021-07-26 16:03:29,742.0
2021-07-26 16:03:30,742.0
2021-07-26 16:03:31,739.0
2021-07-26 16:03:32,739.0
2021-07-26 16:03:33,738.0
2021-07-26 16:03:34,738.0
2021-07-26 16:03:35,738.0
2021-07-26 16:03:36,738.0
2021-07-26 16:03:37,737.0
2021-07-26 16:03:38,737.0
2021-07-26 16:03:39,736.0
2021-07-26 16:03:40,734.0
2021-07-26 16:03:41,732.0
2021-07-26 16:03:42,732.0
2021-07-26 16:03:43,735.0
2021-07-26 16:03:44,735.0
2021-07-26 16:03:45,737.0
2021-07-26 16:03:46,737.0
2021-07-26 16:03:47,737.0
2021-07-26 16:03:48,737.0
2021-07-26 16:03:49,738.0
2021-07-26 16:03:50,740.0
2021-07-26 16:03:51,744.0
2021-07-26 16:03:52,744.0
2021-07-26 16:03:53,745.0
2021-07-26 16:03:54,745.0
2021-07-26 16:03:55,744.0
2021-07-26 16:03:56,744.0
2021-07-26 16:03:57,744.0
2021-07-26 16:03:58,744.0
2021-07-26 16:03:59,744.0
2021-07-26 16:04:00,744.0
2021-07-26 16:04:01,742.0
2021-07-26 16:04:02,742.0
2021-07-26 16:04:03,741.0
2021-07-26 16:04:04,741.0
2021-07-26 16:04:05,742.0
2021-07-26 16:04:06,742.0
2021-07-26 16:04:07,742.0
2021-07-26 16:04:08,742.0
2021-07-26 16:04:09,743.0
2021-07-26 16:04:10,743.0
2021-07-26 16:04:11,743.0
2021-07-26 16:04:12,743.0
2021-07-26 16:04:13,742.0
2021-07-26 16:04:14,742.0
2021-07-26 16:04:15,742.0
2021-07-26 16:04:16,742.0
2021-07-26 16:04:17,743.0
2021-07-26 16:04:18,743.0
2021-07-26 16:04:19,746.0
2021-07-26 16:04:20,746.0
2021-07-26 16:04:21,747.0
2021-07-26 16:04:22,747.0
2021-07-26 16:04:23,747.0
2021-07-26 16:04:24,747.0
2021-07-26 16:04:25,745.0
2021-07-26 16:04:26,745.0
2021-07-26 16:04:27,744.0
2021-07-26 16:04:28,744.0
2021-07-26 16:04:29,742.0
2021-07-26 16:04:30,739.0
2021-07-26 16:04:31,737.0
2021-07-26 16:04:32,737.0
2021-07-26 16:04:33,735.0
2021-07-26 16:04:34,735.0
2021-07-26 16:04:35,734.0
2021-07-26 16:04:36,734.0
2021-07-26 16:04:37,734.0
2021-07-26 16:04:38,734.0
2021-07-26 16:04:39,737.0
2021-07-26 16:04:40,736.0
2021-07-26 16:04:41,738.0
2021-07-26 16:04:42,738.0
2021-07-26 16:04:43,741.0
2021-07-26 16:04:44,741.0
2021-07-26 16:04:45,742.0
2021-07-26 16:04:46,742.0
2021-07-26 16:04:47,742.0
2021-07-26 16:04:48,742.0
2021-07-26 16:04:49,740.0
2021-07-26 16:04:50,739.0
2021-07-26 16:04:51,739.0
2021-07-26 16:04:52,739.0
2021-07-26 16:04:53,742.0
2021-07-26 16:04:54,742.0
2021-07-26 16:04:55,741.0
2021-07-26 16:04:56,741.0
2021-07-26 16:04:57,739.0
2021-07-26 16:04:58,740.0
2021-07-26 16:04:59,741.0
2021-07-26 16:05:00,741.0
2021-07-26 16:05:01,738.0
2021-07-26 16:05:02,738.0
2021-07-26 16:05:03,738.0
2021-07-26 16:05:04,738.0
2021-07-26 16:05:05,739.0
2021-07-26 16:05:06,739.0
2021-07-26 16:05:07,741.0
2021-07-26 16:05:08,741.0
2021-07-26 16:05:09,741.0
2021-07-26 16:05:10,739.0
2021-07-26 16:05:11,739.0
2021-07-26 16:05:12,740.0
2021-07-26 16:05:13,740.0
2021-07-26 16:05:14,740.0
2021-07-26 16:05:15,743.0
2021-07-26 16:05:16,743.0
2021-07-26 16:05:17,743.0
2021-07-26 16:05:18,743.0
2021-07-26 16:05:19,742.0
2021-07-26 16:05:20,741.0
2021-07-26 16:05:21,738.0
2021-07-26 16:05:22,738.0
2021-07-26 16:05:23,737.0
2021-07-26 16:05:24,737.0
2021-07-26 16:05:25,736.0
2021-07-26 16:05:26,736.0
2021-07-26 16:05:27,737.0
2021-07-26 16:05:28,737.0
2021-07-26 16:05:29,740.0
2021-07-26 16:05:30,740.0
2021-07-26 16:05:31,740.0
2021-07-26 16:05:32,738.0
2021-07-26 16:05:33,738.0
2021-07-26 16:05:34,741.0
2021-07-26 16:05:35,741.0
2021-07-26 16:05:36,742.0
2021-07-26 16:05:37,742.0
2021-07-26 16:05:38,741.0
2021-07-26 16:05:39,741.0
2021-07-26 16:05:40,741.0
2021-07-26 16:05:41,741.0
2021-07-26 16:05:42,742.0
2021-07-26 16:05:43,742.0
2021-07-26 16:05:44,741.0
2021-07-26 16:05:45,741.0
2021-07-26 16:05:46,741.0
2021-07-26 16:05:47,741.0
2021-07-26 16:05:48,742.0
2021-07-26 16:05:49,742.0
2021-07-26 16:05:50,745.0
2021-07-26 16:05:51,745.0
2021-07-26 16:05:52,747.0
2021-07-26 16:05:53,747.0
2021-07-26 16:05:54,746.0
2021-07-26 16:05:55,747.0
2021-07-26 16:05:56,744.0
2021-07-26 16:05:57,744.0
2021-07-26 16:05:58,743.0
2021-07-26 16:05:59,743.0
2021-07-26 16:06:00,744.0
2021-07-26 16:06:01,744.0
2021-07-26 16:06:02,743.0
2021-07-26 16:06:03,743.0
2021-07-26 16:06:04,740.0
2021-07-26 16:06:05,741.0
2021-07-26 16:06:06,738.0
2021-07-26 16:06:07,738.0
2021-07-26 16:06:08,737.0
2021-07-26 16:06:09,737.0
2021-07-26 16:06:10,738.0
2021-07-26 16:06:11,738.0
2021-07-26 16:06:12,737.0
2021-07-26 16:06:13,737.0
2021-07-26 16:06:14,736.0
2021-07-26 16:06:15,737.0
2021-07-26 16:06:16,739.0
2021-07-26 16:06:17,739.0
2021-07-26 16:06:18,742.0
2021-07-26 16:06:19,742.0
2021-07-26 16:06:20,741.0
2021-07-26 16:06:21,741.0
2021-07-26 16:06:22,740.0
2021-07-26 16:06:23,740.0
2021-07-26 16:06:24,740.0
2021-07-26 16:06:25,739.0
2021-07-26 16:06:26,740.0
2021-07-26 16:06:27,740.0
2021-07-26 16:06:28,741.0
2021-07-26 16:06:29,741.0
2021-07-26 16:06:30,740.0
2021-07-26 16:06:31,740.0
2021-07-26 16:06:32,740.0
2021-07-26 16:06:33,740.0
2021-07-26 16:06:34,745.0
2021-07-26 16:06:35,745.0
2021-07-26 16:06:36,745.0
2021-07-26 16:06:37,745.0
2021-07-26 16:06:38,745.0
2021-07-26 16:06:39,745.0
2021-07-26 16:06:40,746.0
2021-07-26 16:06:41,746.0
2021-07-26 16:06:42,750.0
2021-07-26 16:06:43,750.0
2021-07-26 16:06:44,752.0
2021-07-26 16:06:45,752.0
2021-07-26 16:06:46,753.0
2021-07-26 16:06:47,753.0
2021-07-26 16:06:48,753.0
2021-07-26 16:06:49,753.0
2021-07-26 16:06:50,751.0
2021-07-26 16:06:51,751.0
2021-07-26 16:06:52,753.0
2021-07-26 16:06:53,753.0
2021-07-26 16:06:54,756.0
2021-07-26 16:06:55,756.0
2021-07-26 16:06:56,752.0
2021-07-26 16:06:57,752.0
2021-07-26 16:06:58,748.0
2021-07-26 16:06:59,748.0
2021-07-26 16:07:00,748.0
2021-07-26 16:07:01,748.0
2021-07-26 16:07:02,750.0
2021-07-26 16:07:03,750.0
2021-07-26 16:07:04,751.0
2021-07-26 16:07:05,751.0
2021-07-26 16:07:06,752.0
2021-07-26 16:07:07,752.0
2021-07-26 16:07:08,753.0
2021-07-26 16:07:09,753.0
2021-07-26 16:07:10,753.0
2021-07-26 16:07:11,753.0
2021-07-26 16:07:12,750.0
2021-07-26 16:07:13,750.0
2021-07-26 16:07:14,746.0
2021-07-26 16:07:15,746.0
2021-07-26 16:07:16,746.0
2021-07-26 16:07:17,746.0
2021-07-26 16:07:18,747.0
2021-07-26 16:07:19,747.0
2021-07-26 16:07:20,746.0
2021-07-26 16:07:21,746.0
2021-07-26 16:07:22,742.0
2021-07-26 16:07:23,742.0
2021-07-26 16:07:24,741.0
2021-07-26 16:07:25,741.0
2021-07-26 16:07:26,742.0
2021-07-26 16:07:27,742.0
2021-07-26 16:07:28,742.0
2021-07-26 16:07:29,742.0
2021-07-26 16:07:30,745.0
2021-07-26 16:07:31,745.0
2021-07-26 16:07:32,744.0
2021-07-26 16:07:33,744.0
2021-07-26 16:07:34,741.0
2021-07-26 16:07:35,741.0
2021-07-26 16:07:36,742.0
2021-07-26 16:07:37,742.0
2021-07-26 16:07:38,747.0
2021-07-26 16:07:39,747.0
2021-07-26 16:07:40,747.0
2021-07-26 16:07:41,747.0
2021-07-26 16:07:42,746.0
2021-07-26 16:07:43,746.0
2021-07-26 16:07:44,744.0
2021-07-26 16:07:45,744.0
2021-07-26 16:07:46,741.0
2021-07-26 16:07:47,741.0
2021-07-26 16:07:48,741.0
2021-07-26 16:07:49,741.0
2021-07-26 16:07:50,741.0
2021-07-26 16:07:51,741.0
2021-07-26 16:07:52,742.0
2021-07-26 16:07:53,742.0
2021-07-26 16:07:54,745.0
2021-07-26 16:07:55,744.0
2021-07-26 16:07:56,745.0
2021-07-26 16:07:57,745.0
2021-07-26 16:07:58,745.0
2021-07-26 16:07:59,745.0
2021-07-26 16:08:00,746.0
2021-07-26 16:08:01,746.0
2021-07-26 16:08:02,747.0
2021-07-26 16:08:03,747.0
2021-07-26 16:08:04,747.0
2021-07-26 16:08:05,747.0
2021-07-26 16:08:06,750.0
2021-07-26 16:08:07,750.0
2021-07-26 16:08:08,750.0
2021-07-26 16:08:09,750.0
2021-07-26 16:08:10,751.0
2021-07-26 16:08:11,751.0
2021-07-26 16:08:12,751.0
2021-07-26 16:08:13,751.0
2021-07-26 16:08:14,751.0
2021-07-26 16:08:15,750.0
2021-07-26 16:08:16,747.0
2021-07-26 16:08:17,747.0
2021-07-26 16:08:18,745.0
2021-07-26 16:08:19,745.0
2021-07-26 16:08:20,747.0
2021-07-26 16:08:21,747.0
2021-07-26 16:08:22,750.0
2021-07-26 16:08:23,750.0
2021-07-26 16:08:24,751.0
2021-07-26 16:08:25,751.0
2021-07-26 16:08:26,752.0
2021-07-26 16:08:27,752.0
2021-07-26 16:08:28,752.0
2021-07-26 16:08:29,752.0
2021-07-26 16:08:30,751.0
2021-07-26 16:08:31,751.0
2021-07-26 16:08:32,752.0
2021-07-26 16:08:33,752.0
2021-07-26 16:08:34,751.0
2021-07-26 16:08:35,751.0
2021-07-26 16:08:36,751.0
2021-07-26 16:08:37,752.0
2021-07-26 16:08:38,752.0
2021-07-26 16:08:39,750.0
2021-07-26 16:08:40,751.0
2021-07-26 16:08:41,752.0
2021-07-26 16:08:42,752.0
2021-07-26 16:08:43,751.0
2021-07-26 16:08:44,751.0
2021-07-26 16:08:45,746.0
2021-07-26 16:08:46,746.0
2021-07-26 16:08:47,745.0
2021-07-26 16:08:48,745.0
2021-07-26 16:08:49,746.0
2021-07-26 16:08:50,747.0
2021-07-26 16:08:51,747.0
2021-07-26 16:08:52,747.0
2021-07-26 16:08:53,748.0
2021-07-26 16:08:54,748.0
2021-07-26 16:08:55,747.0
2021-07-26 16:08:56,747.0
2021-07-26 16:08:57,746.0
2021-07-26 16:08:58,746.0
2021-07-26 16:08:59,744.0
2021-07-26 16:09:00,744.0
2021-07-26 16:09:01,742.0
2021-07-26 16:09:02,742.0
2021-07-26 16:09:03,745.0
2021-07-26 16:09:04,745.0
2021-07-26 16:09:05,745.0
2021-07-26 16:09:06,745.0
2021-07-26 16:09:07,745.0
2021-07-26 16:09:08,745.0
2021-07-26 16:09:09,745.0
2021-07-26 16:09:10,745.0
2021-07-26 16:09:11,744.0
2021-07-26 16:09:12,744.0
2021-07-26 16:09:13,744.0
2021-07-26 16:09:14,744.0
2021-07-26 16:09:15,741.0
2021-07-26 16:09:16,741.0
2021-07-26 16:09:17,739.0
2021-07-26 16:09:18,739.0
2021-07-26 16:09:19,741.0
2021-07-26 16:09:20,742.0
2021-07-26 16:09:21,743.0
2021-07-26 16:09:22,743.0
2021-07-26 16:09:23,745.0
2021-07-26 16:09:24,745.0
2021-07-26 16:09:25,744.0
2021-07-26 16:09:26,744.0
2021-07-26 16:09:27,745.0
2021-07-26 16:09:28,745.0
2021-07-26 16:09:29,746.0
2021-07-26 16:09:30,746.0
2021-07-26 16:09:31,748.0
2021-07-26 16:09:32,747.0
2021-07-26 16:09:33,750.0
2021-07-26 16:09:34,750.0
2021-07-26 16:09:35,750.0
2021-07-26 16:09:36,750.0
2021-07-26 16:09:37,751.0
2021-07-26 16:09:38,751.0
2021-07-26 16:09:39,753.0
2021-07-26 16:09:40,753.0
2021-07-26 16:09:41,751.0
2021-07-26 16:09:42,751.0
2021-07-26 16:09:43,750.0
2021-07-26 16:09:44,750.0
2021-07-26 16:09:45,751.0
2021-07-26 16:09:46,751.0
2021-07-26 16:09:47,753.0
2021-07-26 16:09:48,753.0
2021-07-26 16:09:49,753.0
2021-07-26 16:09:50,753.0
2021-07-26 16:09:51,754.0
2021-07-26 16:09:52,754.0
2021-07-26 16:09:53,754.0
2021-07-26 16:09:54,754.0
2021-07-26 16:09:55,755.0
2021-07-26 16:09:56,755.0
2021-07-26 16:09:57,756.0
2021-07-26 16:09:58,756.0
2021-07-26 16:09:59,758.0
2021-07-26 16:10:00,758.0
2021-07-26 16:10:01,758.0
2021-07-26 16:10:02,758.0
2021-07-26 16:10:03,758.0
2021-07-26 16:10:04,758.0
2021-07-26 16:10:05,759.0
2021-07-26 16:10:06,759.0
2021-07-26 16:10:07,760.0
2021-07-26 16:10:08,760.0
2021-07-26 16:10:09,762.0
2021-07-26 16:10:10,764.0
2021-07-26 16:10:11,762.0
2021-07-26 16:10:12,762.0
2021-07-26 16:10:13,761.0
2021-07-26 16:10:14,761.0
2021-07-26 16:10:15,762.0
2021-07-26 16:10:16,762.0
2021-07-26 16:10:17,762.0
2021-07-26 16:10:18,762.0
2021-07-26 16:10:19,762.0
2021-07-26 16:10:20,761.0
2021-07-26 16:10:21,764.0
2021-07-26 16:10:22,764.0
2021-07-26 16:10:23,761.0
2021-07-26 16:10:24,761.0
2021-07-26 16:10:25,758.0
2021-07-26 16:10:26,758.0
2021-07-26 16:10:27,756.0
2021-07-26 16:10:28,756.0
2021-07-26 16:10:29,755.0
2021-07-26 16:10:30,756.0
2021-07-26 16:10:31,752.0
2021-07-26 16:10:32,752.0
2021-07-26 16:10:33,751.0
2021-07-26 16:10:34,751.0
2021-07-26 16:10:35,750.0
2021-07-26 16:10:36,750.0
2021-07-26 16:10:37,750.0
2021-07-26 16:10:38,750.0
2021-07-26 16:10:39,749.0
2021-07-26 16:10:40,749.0
2021-07-26 16:10:41,746.0
2021-07-26 16:10:42,746.0
2021-07-26 16:10:43,745.0
2021-07-26 16:10:44,745.0
2021-07-26 16:10:45,745.0
2021-07-26 16:10:46,745.0
2021-07-26 16:10:47,743.0
2021-07-26 16:10:48,743.0
2021-07-26 16:10:49,739.0
2021-07-26 16:10:50,740.0
2021-07-26 16:10:51,740.0
2021-07-26 16:10:52,740.0
2021-07-26 16:10:53,740.0
2021-07-26 16:10:54,740.0
2021-07-26 16:10:55,738.0
2021-07-26 16:10:56,738.0
2021-07-26 16:10:57,738.0
2021-07-26 16:10:58,738.0
2021-07-26 16:10:59,738.0
2021-07-26 16:11:00,738.0
2021-07-26 16:11:01,738.0
2021-07-26 16:11:02,738.0
2021-07-26 16:11:03,740.0
2021-07-26 16:11:04,740.0
2021-07-26 16:11:05,740.0
2021-07-26 16:11:06,740.0
2021-07-26 16:11:07,739.0
2021-07-26 16:11:08,739.0
2021-07-26 16:11:09,739.0
2021-07-26 16:11:10,741.0
2021-07-26 16:11:11,743.0
2021-07-26 16:11:12,743.0
2021-07-26 16:11:13,741.0
2021-07-26 16:11:14,741.0
2021-07-26 16:11:15,743.0
2021-07-26 16:11:16,743.0
2021-07-26 16:11:17,745.0
2021-07-26 16:11:18,745.0
2021-07-26 16:11:19,744.0
2021-07-26 16:11:20,743.0
2021-07-26 16:11:21,744.0
2021-07-26 16:11:22,744.0
2021-07-26 16:11:23,745.0
2021-07-26 16:11:24,745.0
2021-07-26 16:11:25,746.0
2021-07-26 16:11:26,746.0
2021-07-26 16:11:27,748.0
2021-07-26 16:11:28,748.0
2021-07-26 16:11:29,748.0
2021-07-26 16:11:30,748.0
2021-07-26 16:11:31,749.0
2021-07-26 16:11:32,749.0
2021-07-26 16:11:33,749.0
2021-07-26 16:11:34,749.0
2021-07-26 16:11:35,752.0
2021-07-26 16:11:36,752.0
2021-07-26 16:11:37,754.0
2021-07-26 16:11:38,756.0
2021-07-26 16:11:39,756.0
2021-07-26 16:11:40,757.0
2021-07-26 16:11:41,757.0
2021-07-26 16:11:42,755.0
2021-07-26 16:11:43,755.0
2021-07-26 16:11:44,755.0
2021-07-26 16:11:45,755.0
2021-07-26 16:11:46,759.0
2021-07-26 16:11:47,759.0
2021-07-26 16:11:48,761.0
2021-07-26 16:11:49,761.0
2021-07-26 16:11:50,765.0
2021-07-26 16:11:51,765.0
2021-07-26 16:11:52,768.0
2021-07-26 16:11:53,768.0
2021-07-26 16:11:54,767.0
2021-07-26 16:11:55,766.0
2021-07-26 16:11:56,764.0
2021-07-26 16:11:57,764.0
2021-07-26 16:11:58,762.0
2021-07-26 16:11:59,762.0
2021-07-26 16:12:00,761.0
2021-07-26 16:12:01,761.0
2021-07-26 16:12:02,760.0
2021-07-26 16:12:03,760.0
2021-07-26 16:12:04,760.0
2021-07-26 16:12:05,762.0
2021-07-26 16:12:06,765.0
2021-07-26 16:12:07,765.0
2021-07-26 16:12:08,767.0
2021-07-26 16:12:09,767.0
2021-07-26 16:12:10,764.0
2021-07-26 16:12:11,764.0
2021-07-26 16:12:12,760.0
2021-07-26 16:12:13,760.0
2021-07-26 16:12:14,758.0
2021-07-26 16:12:15,758.0
2021-07-26 16:12:16,756.0
2021-07-26 16:12:17,756.0
2021-07-26 16:12:18,755.0
2021-07-26 16:12:19,755.0
2021-07-26 16:12:20,757.0
2021-07-26 16:12:21,757.0
2021-07-26 16:12:22,759.0
2021-07-26 16:12:23,759.0
2021-07-26 16:12:24,760.0
2021-07-26 16:12:25,759.0
2021-07-26 16:12:26,758.0
2021-07-26 16:12:27,758.0
2021-07-26 16:12:28,756.0
2021-07-26 16:12:29,756.0
2021-07-26 16:12:30,755.0
2021-07-26 16:12:31,755.0
2021-07-26 16:12:32,754.0
2021-07-26 16:12:33,754.0
2021-07-26 16:12:34,755.0
2021-07-26 16:12:35,756.0
2021-07-26 16:12:36,759.0
2021-07-26 16:12:37,759.0
2021-07-26 16:12:38,760.0
2021-07-26 16:12:39,760.0
2021-07-26 16:12:40,759.0
2021-07-26 16:12:41,759.0
2021-07-26 16:12:42,759.0
2021-07-26 16:12:43,759.0
2021-07-26 16:12:44,756.0
2021-07-26 16:12:45,757.0
2021-07-26 16:12:46,755.0
2021-07-26 16:12:47,755.0
2021-07-26 16:12:48,754.0
2021-07-26 16:12:49,754.0
2021-07-26 16:12:50,754.0
2021-07-26 16:12:51,754.0
2021-07-26 16:12:52,758.0
2021-07-26 16:12:53,758.0
2021-07-26 16:12:54,759.0
2021-07-26 16:12:55,760.0
2021-07-26 16:12:56,760.0
2021-07-26 16:12:57,760.0
2021-07-26 16:12:58,757.0
2021-07-26 16:12:59,757.0
2021-07-26 16:13:00,754.0
2021-07-26 16:13:01,754.0
2021-07-26 16:13:02,754.0
2021-07-26 16:13:03,754.0
2021-07-26 16:13:04,754.0
2021-07-26 16:13:05,754.0
2021-07-26 16:13:06,751.0
2021-07-26 16:13:07,751.0
2021-07-26 16:13:08,750.0
2021-07-26 16:13:09,750.0
2021-07-26 16:13:10,750.0
2021-07-26 16:13:11,750.0
2021-07-26 16:13:12,749.0
2021-07-26 16:13:13,749.0
2021-07-26 16:13:14,749.0
2021-07-26 16:13:15,749.0
2021-07-26 16:13:16,750.0
2021-07-26 16:13:17,750.0
2021-07-26 16:13:18,751.0
2021-07-26 16:13:19,751.0
2021-07-26 16:13:20,752.0
2021-07-26 16:13:21,752.0
2021-07-26 16:13:22,752.0
2021-07-26 16:13:23,752.0
2021-07-26 16:13:24,754.0
2021-07-26 16:13:25,753.0
2021-07-26 16:13:26,753.0
2021-07-26 16:13:27,753.0
2021-07-26 16:13:28,750.0
2021-07-26 16:13:29,750.0
2021-07-26 16:13:30,750.0
2021-07-26 16:13:31,750.0
2021-07-26 16:13:32,750.0
2021-07-26 16:13:33,750.0
2021-07-26 16:13:34,750.0
2021-07-26 16:13:35,749.0
2021-07-26 16:13:36,749.0
2021-07-26 16:13:37,749.0
2021-07-26 16:13:38,749.0
2021-07-26 16:13:39,749.0
2021-07-26 16:13:40,751.0
2021-07-26 16:13:41,751.0
2021-07-26 16:13:42,751.0
2021-07-26 16:13:43,751.0
2021-07-26 16:13:44,749.0
2021-07-26 16:13:45,749.0
2021-07-26 16:13:46,750.0
2021-07-26 16:13:47,750.0
2021-07-26 16:13:48,751.0
2021-07-26 16:13:49,751.0
2021-07-26 16:13:50,752.0
2021-07-26 16:13:51,752.0
2021-07-26 16:13:52,754.0
2021-07-26 16:13:53,754.0
2021-07-26 16:13:54,752.0
2021-07-26 16:13:55,751.0
2021-07-26 16:13:56,749.0
2021-07-26 16:13:57,749.0
2021-07-26 16:13:58,746.0
2021-07-26 16:13:59,746.0
2021-07-26 16:14:00,745.0
2021-07-26 16:14:01,745.0
2021-07-26 16:14:02,744.0
2021-07-26 16:14:03,744.0
2021-07-26 16:14:04,744.0
2021-07-26 16:14:05,745.0
2021-07-26 16:14:06,746.0
2021-07-26 16:14:07,746.0
2021-07-26 16:14:08,747.0
2021-07-26 16:14:09,747.0
2021-07-26 16:14:10,749.0
2021-07-26 16:14:11,749.0
2021-07-26 16:14:12,750.0
2021-07-26 16:14:13,750.0
2021-07-26 16:14:14,747.0
2021-07-26 16:14:15,746.0
2021-07-26 16:14:16,745.0
2021-07-26 16:14:17,745.0
2021-07-26 16:14:18,745.0
2021-07-26 16:14:19,745.0
2021-07-26 16:14:20,745.0
2021-07-26 16:14:21,745.0
2021-07-26 16:14:22,746.0
2021-07-26 16:14:23,746.0
2021-07-26 16:14:24,748.0
2021-07-26 16:14:25,748.0
2021-07-26 16:14:26,749.0
2021-07-26 16:14:27,749.0
2021-07-26 16:14:28,749.0
2021-07-26 16:14:29,749.0
2021-07-26 16:14:30,750.0
2021-07-26 16:14:31,750.0
2021-07-26 16:14:32,750.0
2021-07-26 16:14:33,750.0
2021-07-26 16:14:34,749.0
2021-07-26 16:14:35,748.0
2021-07-26 16:14:36,748.0
2021-07-26 16:14:37,748.0
2021-07-26 16:14:38,751.0
2021-07-26 16:14:39,751.0
2021-07-26 16:14:40,755.0
2021-07-26 16:14:41,756.0
2021-07-26 16:14:42,756.0
2021-07-26 16:14:43,755.0
2021-07-26 16:14:44,755.0
2021-07-26 16:14:45,754.0
2021-07-26 16:14:46,754.0
2021-07-26 16:14:47,754.0
2021-07-26 16:14:48,754.0
2021-07-26 16:14:49,754.0
2021-07-26 16:14:50,754.0
2021-07-26 16:14:51,755.0
2021-07-26 16:14:52,755.0
2021-07-26 16:14:53,756.0
2021-07-26 16:14:54,756.0
2021-07-26 16:14:55,758.0
2021-07-26 16:14:56,758.0
2021-07-26 16:14:57,759.0
2021-07-26 16:14:58,759.0
2021-07-26 16:14:59,760.0
2021-07-26 16:15:00,760.0
2021-07-26 16:15:01,762.0
2021-07-26 16:15:02,762.0
2021-07-26 16:15:03,762.0
2021-07-26 16:15:04,762.0
2021-07-26 16:15:05,758.0
2021-07-26 16:15:06,758.0
2021-07-26 16:15:07,758.0
2021-07-26 16:15:08,758.0
2021-07-26 16:15:09,758.0
2021-07-26 16:15:10,758.0
2021-07-26 16:15:11,758.0
2021-07-26 16:15:12,758.0
2021-07-26 16:15:13,758.0
2021-07-26 16:15:14,758.0
2021-07-26 16:15:15,758.0
2021-07-26 16:15:16,758.0
2021-07-26 16:15:17,758.0
2021-07-26 16:15:18,758.0
2021-07-26 16:15:19,758.0
2021-07-26 16:15:20,757.0
2021-07-26 16:15:21,758.0
2021-07-26 16:15:22,758.0
2021-07-26 16:15:23,757.0
2021-07-26 16:15:24,757.0
2021-07-26 16:15:25,755.0
2021-07-26 16:15:26,755.0
2021-07-26 16:15:27,752.0
2021-07-26 16:15:28,752.0
2021-07-26 16:15:29,750.0
2021-07-26 16:15:30,749.0
2021-07-26 16:15:31,747.0
2021-07-26 16:15:32,747.0
2021-07-26 16:15:33,746.0
2021-07-26 16:15:34,746.0
2021-07-26 16:15:35,744.0
2021-07-26 16:15:36,744.0
2021-07-26 16:15:37,742.0
2021-07-26 16:15:38,742.0
2021-07-26 16:15:39,742.0
2021-07-26 16:15:40,741.0
2021-07-26 16:15:41,739.0
2021-07-26 16:15:42,739.0
2021-07-26 16:15:43,742.0
2021-07-26 16:15:44,742.0
2021-07-26 16:15:45,744.0
2021-07-26 16:15:46,744.0
2021-07-26 16:15:47,746.0
2021-07-26 16:15:48,746.0
2021-07-26 16:15:49,743.0
2021-07-26 16:15:50,743.0
2021-07-26 16:15:51,743.0
2021-07-26 16:15:52,743.0
2021-07-26 16:15:53,743.0
2021-07-26 16:15:54,743.0
2021-07-26 16:15:55,743.0
2021-07-26 16:15:56,743.0
2021-07-26 16:15:57,742.0
2021-07-26 16:15:58,742.0
2021-07-26 16:15:59,739.0
2021-07-26 16:16:00,739.0
2021-07-26 16:16:01,741.0
2021-07-26 16:16:02,741.0
2021-07-26 16:16:03,744.0
2021-07-26 16:16:04,744.0
2021-07-26 16:16:05,747.0
2021-07-26 16:16:06,747.0
2021-07-26 16:16:07,748.0
2021-07-26 16:16:08,748.0
2021-07-26 16:16:09,749.0
2021-07-26 16:16:10,749.0
2021-07-26 16:16:11,753.0
2021-07-26 16:16:12,753.0
2021-07-26 16:16:13,755.0
2021-07-26 16:16:14,755.0
2021-07-26 16:16:15,757.0
2021-07-26 16:16:16,757.0
2021-07-26 16:16:17,762.0
2021-07-26 16:16:18,762.0
2021-07-26 16:16:19,763.0
2021-07-26 16:16:20,764.0
2021-07-26 16:16:21,763.0
2021-07-26 16:16:22,763.0
2021-07-26 16:16:23,763.0
2021-07-26 16:16:24,763.0
2021-07-26 16:16:25,763.0
2021-07-26 16:16:26,763.0
2021-07-26 16:16:27,764.0
2021-07-26 16:16:28,764.0
2021-07-26 16:16:29,764.0
2021-07-26 16:16:30,765.0
2021-07-26 16:16:31,768.0
2021-07-26 16:16:32,768.0
2021-07-26 16:16:33,770.0
2021-07-26 16:16:34,770.0
2021-07-26 16:16:35,771.0
2021-07-26 16:16:36,771.0
2021-07-26 16:16:37,771.0
2021-07-26 16:16:38,771.0
2021-07-26 16:16:39,773.0
2021-07-26 16:16:40,771.0
2021-07-26 16:16:41,769.0
2021-07-26 16:16:42,769.0
2021-07-26 16:16:43,768.0
2021-07-26 16:16:44,768.0
2021-07-26 16:16:45,769.0
2021-07-26 16:16:46,769.0
2021-07-26 16:16:47,770.0
2021-07-26 16:16:48,770.0
2021-07-26 16:16:49,771.0
2021-07-26 16:16:50,771.0
2021-07-26 16:16:51,771.0
2021-07-26 16:16:52,771.0
2021-07-26 16:16:53,771.0
2021-07-26 16:16:54,771.0
2021-07-26 16:16:55,770.0
2021-07-26 16:16:56,770.0
2021-07-26 16:16:57,767.0
2021-07-26 16:16:58,767.0
2021-07-26 16:16:59,765.0
2021-07-26 16:17:00,765.0
2021-07-26 16:17:01,765.0
2021-07-26 16:17:02,765.0
2021-07-26 16:17:03,763.0
2021-07-26 16:17:04,763.0
2021-07-26 16:17:05,759.0
2021-07-26 16:17:06,759.0
2021-07-26 16:17:07,759.0
2021-07-26 16:17:08,759.0
2021-07-26 16:17:09,760.0
2021-07-26 16:17:10,761.0
2021-07-26 16:17:11,760.0
2021-07-26 16:17:12,760.0
2021-07-26 16:17:13,758.0
2021-07-26 16:17:14,758.0
2021-07-26 16:17:15,758.0
2021-07-26 16:17:16,758.0
2021-07-26 16:17:17,760.0
2021-07-26 16:17:18,760.0
2021-07-26 16:17:19,759.0
2021-07-26 16:17:20,760.0
2021-07-26 16:17:21,760.0
2021-07-26 16:17:22,760.0
2021-07-26 16:17:23,763.0
2021-07-26 16:17:24,763.0
2021-07-26 16:17:25,761.0
2021-07-26 16:17:26,761.0
2021-07-26 16:17:27,761.0
2021-07-26 16:17:28,761.0
2021-07-26 16:17:29,761.0
2021-07-26 16:17:30,761.0
2021-07-26 16:17:31,761.0
2021-07-26 16:17:32,761.0
2021-07-26 16:17:33,761.0
2021-07-26 16:17:34,761.0
2021-07-26 16:17:35,763.0
2021-07-26 16:17:36,763.0
2021-07-26 16:17:37,764.0
2021-07-26 16:17:38,764.0
2021-07-26 16:17:39,764.0
2021-07-26 16:17:40,764.0
2021-07-26 16:17:41,764.0
2021-07-26 16:17:42,764.0
2021-07-26 16:17:43,765.0
2021-07-26 16:17:44,765.0
2021-07-26 16:17:45,765.0
2021-07-26 16:17:46,767.0
2021-07-26 16:17:47,767.0
2021-07-26 16:17:48,765.0
2021-07-26 16:17:49,765.0
2021-07-26 16:17:50,765.0
2021-07-26 16:17:51,765.0
2021-07-26 16:17:52,767.0
2021-07-26 16:17:53,767.0
2021-07-26 16:17:54,767.0
2021-07-26 16:17:55,767.0
2021-07-26 16:17:56,765.0
2021-07-26 16:17:57,765.0
2021-07-26 16:17:58,768.0
2021-07-26 16:17:59,768.0
2021-07-26 16:18:00,769.0
2021-07-26 16:18:01,769.0
2021-07-26 16:18:02,768.0
2021-07-26 16:18:03,768.0
2021-07-26 16:18:04,766.0
2021-07-26 16:18:05,765.0
2021-07-26 16:18:06,763.0
2021-07-26 16:18:07,763.0
2021-07-26 16:18:08,763.0
2021-07-26 16:18:09,763.0
2021-07-26 16:18:10,765.0
2021-07-26 16:18:11,765.0
2021-07-26 16:18:12,767.0
2021-07-26 16:18:13,767.0
2021-07-26 16:18:14,767.0
2021-07-26 16:18:15,768.0
2021-07-26 16:18:16,768.0
2021-07-26 16:18:17,768.0
2021-07-26 16:18:18,768.0
2021-07-26 16:18:19,768.0
2021-07-26 16:18:20,765.0
2021-07-26 16:18:21,765.0
2021-07-26 16:18:22,765.0
2021-07-26 16:18:23,765.0
2021-07-26 16:18:24,767.0
2021-07-26 16:18:25,765.0
2021-07-26 16:18:26,765.0
2021-07-26 16:18:27,765.0
2021-07-26 16:18:28,767.0
2021-07-26 16:18:29,767.0
2021-07-26 16:18:30,771.0
2021-07-26 16:18:31,771.0
2021-07-26 16:18:32,771.0
2021-07-26 16:18:33,771.0
2021-07-26 16:18:34,771.0
2021-07-26 16:18:35,771.0
2021-07-26 16:18:36,770.0
2021-07-26 16:18:37,770.0
2021-07-26 16:18:38,768.0
2021-07-26 16:18:39,768.0
2021-07-26 16:18:40,768.0
2021-07-26 16:18:41,768.0
2021-07-26 16:18:42,769.0
2021-07-26 16:18:43,769.0
2021-07-26 16:18:44,773.0
2021-07-26 16:18:45,774.0
2021-07-26 16:18:46,776.0
2021-07-26 16:18:47,776.0
2021-07-26 16:18:48,775.0
2021-07-26 16:18:49,775.0
2021-07-26 16:18:50,771.0
2021-07-26 16:18:51,771.0
2021-07-26 16:18:52,770.0
2021-07-26 16:18:53,770.0
2021-07-26 16:18:54,771.0
2021-07-26 16:18:55,771.0
2021-07-26 16:18:56,771.0
2021-07-26 16:18:57,771.0
2021-07-26 16:18:58,770.0
2021-07-26 16:18:59,770.0
