ts,s8lp,sen0220,t3022,scd30,cjmcu811
2021-07-26 15:42:02.370,,,,646.0,
2021-07-26 15:42:02.879,650.0,,,,
2021-07-26 15:42:03.498,,607.0,,,
2021-07-26 15:42:04.199,,,,,2687.0
2021-07-26 15:42:07.877,668.0,,,,
2021-07-26 15:42:10.068,,636.0,,,
2021-07-26 15:42:10.215,,,,,2728.0
2021-07-26 15:42:10.563,,,,659.0,
2021-07-26 15:42:12.868,680.0,,,,
2021-07-26 15:42:16.226,,,,,2791.0
2021-07-26 15:42:17.864,687.0,,,,
2021-07-26 15:42:18.755,,,,665.0,
2021-07-26 15:42:22.231,,,,,2886.0
2021-07-26 15:42:22.862,700.0,,,,
2021-07-26 15:42:23.188,,677.0,,,
2021-07-26 15:42:26.949,,,,670.0,
2021-07-26 15:42:27.854,712.0,,,,
2021-07-26 15:42:28.242,,,,,2886.0
2021-07-26 15:42:29.749,,693.0,,,
2021-07-26 15:42:32.849,722.0,,,,
2021-07-26 15:42:34.255,,,,,2909.0
2021-07-26 15:42:35.142,,,,670.0,
2021-07-26 15:42:36.318,,701.0,,,
2021-07-26 15:42:37.844,733.0,,,,
2021-07-26 15:42:40.267,,,,,2990.0
2021-07-26 15:42:42.839,746.0,,,,
2021-07-26 15:42:42.878,,710.0,,,
2021-07-26 15:42:43.334,,,,672.0,
2021-07-26 15:42:46.280,,,,,3060.0
2021-07-26 15:42:47.832,752.0,,,,
2021-07-26 15:42:49.438,,716.0,,,
2021-07-26 15:42:51.527,,,,673.0,
2021-07-26 15:42:52.295,,,,,3120.0
2021-07-26 15:42:52.828,752.0,,,,
2021-07-26 15:42:55.999,,720.0,,,
2021-07-26 15:42:57.827,752.0,,,,
2021-07-26 15:42:58.309,,,,,3156.0
2021-07-26 15:42:59.723,,,,672.0,
2021-07-26 15:43:02.559,,723.0,,,
2021-07-26 15:43:02.817,750.0,,,,
2021-07-26 15:43:04.325,,,,,3235.0
2021-07-26 15:43:07.810,751.0,,,,
2021-07-26 15:43:07.913,,,,675.0,
2021-07-26 15:43:09.118,,726.0,,,
2021-07-26 15:43:10.338,,,,,3322.0
2021-07-26 15:43:12.807,754.0,,,,
2021-07-26 15:43:15.678,,727.0,,,
2021-07-26 15:43:16.109,,,,677.0,
2021-07-26 15:43:16.351,,,,,3322.0
2021-07-26 15:43:17.800,755.0,,,,
2021-07-26 15:43:22.238,,728.0,,,
2021-07-26 15:43:22.364,,,,,3406.0
2021-07-26 15:43:22.795,753.0,,,,
2021-07-26 15:43:24.302,,,,678.0,
2021-07-26 15:43:27.789,755.0,,,,
2021-07-26 15:43:28.386,,,,,3406.0
2021-07-26 15:43:32.497,,,,680.0,
2021-07-26 15:43:32.783,755.0,,,,
2021-07-26 15:43:34.387,,,,,3428.0
2021-07-26 15:43:35.358,,731.0,,,
2021-07-26 15:43:37.778,754.0,,,,
2021-07-26 15:43:40.403,,,,,3483.0
2021-07-26 15:43:40.685,,,,680.0,
2021-07-26 15:43:41.918,,733.0,,,
2021-07-26 15:43:42.780,752.0,,,,
2021-07-26 15:43:46.414,,,,,3506.0
2021-07-26 15:43:47.775,750.0,,,,
2021-07-26 15:43:48.478,,734.0,,,
2021-07-26 15:43:48.875,,,,681.0,
2021-07-26 15:43:52.427,,,,,3527.0
2021-07-26 15:43:52.764,750.0,,,,
2021-07-26 15:43:55.048,,735.0,,,
2021-07-26 15:43:57.072,,,,684.0,
2021-07-26 15:43:57.752,751.0,,,,
2021-07-26 15:43:58.444,,,,,3574.0
2021-07-26 15:44:01.608,,737.0,,,
2021-07-26 15:44:02.749,751.0,,,,
2021-07-26 15:44:04.457,,,,,3633.0
2021-07-26 15:44:05.267,,,,684.0,
2021-07-26 15:44:07.749,751.0,,,,
2021-07-26 15:44:08.169,,736.0,,,
2021-07-26 15:44:10.481,,,,,3633.0
2021-07-26 15:44:12.752,752.0,,,,
2021-07-26 15:44:13.457,,,,685.0,
2021-07-26 15:44:14.729,,737.0,,,
2021-07-26 15:44:16.496,,,,,3654.0
2021-07-26 15:44:17.739,752.0,,,,
2021-07-26 15:44:21.289,,738.0,,,
2021-07-26 15:44:21.651,,,,686.0,
2021-07-26 15:44:22.511,,,,,3732.0
2021-07-26 15:44:22.732,752.0,,,,
2021-07-26 15:44:27.726,754.0,,,,
2021-07-26 15:44:27.849,,737.0,,,
2021-07-26 15:44:28.524,,,,,3732.0
2021-07-26 15:44:29.845,,,,686.0,
2021-07-26 15:44:32.719,753.0,,,,
2021-07-26 15:44:34.409,,738.0,,,
2021-07-26 15:44:34.537,,,,,3793.0
2021-07-26 15:44:37.716,753.0,,,,
2021-07-26 15:44:38.038,,,,687.0,
2021-07-26 15:44:40.549,,,,,3793.0
2021-07-26 15:44:42.708,753.0,,,,
2021-07-26 15:44:46.233,,,,687.0,
2021-07-26 15:44:46.554,,,,,3819.0
2021-07-26 15:44:47.529,,738.0,,,
2021-07-26 15:44:47.700,752.0,,,,
2021-07-26 15:44:52.565,,,,,3848.0
2021-07-26 15:44:52.690,752.0,,,,
2021-07-26 15:44:54.099,,739.0,,,
2021-07-26 15:44:54.425,,,,687.0,
2021-07-26 15:44:57.689,753.0,,,,
2021-07-26 15:44:58.577,,,,,3848.0
2021-07-26 15:45:00.659,,740.0,,,
2021-07-26 15:45:02.614,,,,687.0,
2021-07-26 15:45:02.679,753.0,,,,
2021-07-26 15:45:04.592,,,,,3903.0
2021-07-26 15:45:07.219,,740.0,,,
2021-07-26 15:45:07.712,756.0,,,,
2021-07-26 15:45:10.608,,,,,3935.0
2021-07-26 15:45:10.816,,,,687.0,
2021-07-26 15:45:12.663,756.0,,,,
2021-07-26 15:45:13.988,,741.0,,,
2021-07-26 15:45:16.626,,,,,3966.0
2021-07-26 15:45:17.661,756.0,,,,
2021-07-26 15:45:19.004,,,,688.0,
2021-07-26 15:45:20.549,,741.0,,,
2021-07-26 15:45:22.640,,,,,3966.0
2021-07-26 15:45:22.655,756.0,,,,
2021-07-26 15:45:27.109,,741.0,,,
2021-07-26 15:45:27.195,,,,688.0,
2021-07-26 15:45:27.642,755.0,,,,
2021-07-26 15:45:28.653,,,,,3966.0
2021-07-26 15:45:32.635,756.0,,,,
2021-07-26 15:45:33.669,,741.0,,,
2021-07-26 15:45:34.667,,,,,4028.0
2021-07-26 15:45:35.388,,,,688.0,
2021-07-26 15:45:37.634,756.0,,,,
2021-07-26 15:45:40.229,,742.0,,,
2021-07-26 15:45:40.683,,,,,4028.0
2021-07-26 15:45:42.626,756.0,,,,
2021-07-26 15:45:43.580,,,,689.0,
2021-07-26 15:45:46.698,,,,,4058.0
2021-07-26 15:45:47.616,759.0,,,,
2021-07-26 15:45:51.777,,,,688.0,
2021-07-26 15:45:52.612,757.0,,,,
2021-07-26 15:45:52.699,,,,,4108.0
2021-07-26 15:45:53.349,,741.0,,,
2021-07-26 15:45:57.597,757.0,,,,
2021-07-26 15:45:58.718,,,,,4144.0
2021-07-26 15:45:59.909,,741.0,,,
2021-07-26 15:45:59.969,,,,689.0,
2021-07-26 15:46:02.596,758.0,,,,
2021-07-26 15:46:04.728,,,,,4176.0
2021-07-26 15:46:06.469,,742.0,,,
2021-07-26 15:46:07.597,758.0,,,,
2021-07-26 15:46:08.160,,,,689.0,
2021-07-26 15:46:10.746,,,,,4176.0
2021-07-26 15:46:12.589,758.0,,,,
2021-07-26 15:46:13.029,,741.0,,,
2021-07-26 15:46:16.349,,,,689.0,
2021-07-26 15:46:16.753,,,,,4232.0
2021-07-26 15:46:17.582,758.0,,,,
2021-07-26 15:46:19.599,,740.0,,,
2021-07-26 15:46:22.574,758.0,,,,
2021-07-26 15:46:22.769,,,,,4232.0
2021-07-26 15:46:24.544,,,,690.0,
2021-07-26 15:46:26.160,,740.0,,,
2021-07-26 15:46:27.572,758.0,,,,
2021-07-26 15:46:28.780,,,,,4232.0
2021-07-26 15:46:32.564,757.0,,,,
2021-07-26 15:46:32.720,,742.0,,,
2021-07-26 15:46:32.740,,,,690.0,
2021-07-26 15:46:34.795,,,,,4272.0
2021-07-26 15:46:37.557,758.0,,,,
2021-07-26 15:46:39.279,,742.0,,,
2021-07-26 15:46:40.814,,,,,4272.0
2021-07-26 15:46:40.932,,,,689.0,
2021-07-26 15:46:42.555,758.0,,,,
2021-07-26 15:46:45.840,,743.0,,,
2021-07-26 15:46:46.829,,,,,4309.0
2021-07-26 15:46:47.546,759.0,,,,
2021-07-26 15:46:52.400,,743.0,,,
2021-07-26 15:46:52.539,758.0,,,,
2021-07-26 15:46:52.847,,,,,4341.0
2021-07-26 15:46:57.536,758.0,,,,
2021-07-26 15:46:58.857,,,,,4272.0
2021-07-26 15:47:02.535,757.0,,,,
2021-07-26 15:47:04.859,,,,,4379.0
2021-07-26 15:47:05.520,,743.0,,,
2021-07-26 15:47:07.521,758.0,,,,
2021-07-26 15:47:10.881,,,,,4417.0
2021-07-26 15:47:12.080,,743.0,,,
2021-07-26 15:47:12.515,760.0,,,,
2021-07-26 15:47:16.894,,,,,4417.0
2021-07-26 15:47:17.510,760.0,,,,
2021-07-26 15:47:18.640,,744.0,,,
2021-07-26 15:47:22.506,761.0,,,,
2021-07-26 15:47:22.909,,,,,4417.0
2021-07-26 15:47:25.200,,745.0,,,
2021-07-26 15:47:26.164,,,,692.0,
2021-07-26 15:47:27.497,761.0,,,,
2021-07-26 15:47:28.922,,,,,4417.0
2021-07-26 15:47:31.760,,745.0,,,
2021-07-26 15:47:32.493,761.0,,,,
2021-07-26 15:47:34.352,,,,692.0,
2021-07-26 15:47:34.938,,,,,4459.0
2021-07-26 15:47:37.486,761.0,,,,
2021-07-26 15:47:38.320,,744.0,,,
2021-07-26 15:47:40.951,,,,,4417.0
2021-07-26 15:47:42.484,761.0,,,,
2021-07-26 15:47:42.545,,,,691.0,
2021-07-26 15:47:44.880,,744.0,,,
2021-07-26 15:47:46.968,,,,,4498.0
2021-07-26 15:47:47.477,761.0,,,,
2021-07-26 15:47:50.745,,,,692.0,
2021-07-26 15:47:51.440,,743.0,,,
2021-07-26 15:47:52.471,762.0,,,,
2021-07-26 15:47:52.985,,,,,4498.0
2021-07-26 15:47:57.462,761.0,,,,
2021-07-26 15:47:58.000,,743.0,,,
2021-07-26 15:47:58.937,,,,691.0,
2021-07-26 15:47:58.999,,,,,4498.0
2021-07-26 15:48:02.457,761.0,,,,
2021-07-26 15:48:04.560,,744.0,,,
2021-07-26 15:48:05.010,,,,,4536.0
2021-07-26 15:48:07.127,,,,692.0,
2021-07-26 15:48:07.450,761.0,,,,
2021-07-26 15:48:11.023,,,,,4576.0
2021-07-26 15:48:12.448,762.0,,,,
2021-07-26 15:48:15.321,,,,693.0,
2021-07-26 15:48:17.026,,,,,4576.0
2021-07-26 15:48:17.441,762.0,,,,
2021-07-26 15:48:17.680,,744.0,,,
2021-07-26 15:48:22.443,762.0,,,,
2021-07-26 15:48:23.042,,,,,4615.0
2021-07-26 15:48:23.513,,,,693.0,
2021-07-26 15:48:24.241,,745.0,,,
2021-07-26 15:48:27.437,762.0,,,,
2021-07-26 15:48:29.057,,,,,4576.0
2021-07-26 15:48:30.801,,745.0,,,
2021-07-26 15:48:31.710,,,,693.0,
2021-07-26 15:48:32.421,762.0,,,,
2021-07-26 15:48:35.073,,,,,4576.0
2021-07-26 15:48:37.360,,745.0,,,
2021-07-26 15:48:37.422,762.0,,,,
2021-07-26 15:48:39.902,,,,694.0,
2021-07-26 15:48:41.088,,,,,4615.0
2021-07-26 15:48:42.420,763.0,,,,
2021-07-26 15:48:43.920,,745.0,,,
2021-07-26 15:48:47.097,,,,,4664.0
2021-07-26 15:48:47.412,763.0,,,,
2021-07-26 15:48:48.092,,,,694.0,
2021-07-26 15:48:50.480,,745.0,,,
2021-07-26 15:48:52.409,763.0,,,,
2021-07-26 15:48:53.109,,,,,4664.0
2021-07-26 15:48:56.291,,,,694.0,
2021-07-26 15:48:57.040,,744.0,,,
2021-07-26 15:48:57.406,763.0,,,,
2021-07-26 15:48:59.127,,,,,4664.0
2021-07-26 15:49:02.386,763.0,,,,
2021-07-26 15:49:03.600,,744.0,,,
2021-07-26 15:49:04.481,,,,694.0,
2021-07-26 15:49:05.137,,,,,4615.0
2021-07-26 15:49:07.402,764.0,,,,
2021-07-26 15:49:10.171,,747.0,,,
2021-07-26 15:49:11.160,,,,,4664.0
2021-07-26 15:49:12.388,764.0,,,,
2021-07-26 15:49:12.676,,,,694.0,
2021-07-26 15:49:16.731,,745.0,,,
2021-07-26 15:49:17.171,,,,,4709.0
2021-07-26 15:49:17.382,764.0,,,,
2021-07-26 15:49:20.870,,,,694.0,
2021-07-26 15:49:22.379,764.0,,,,
2021-07-26 15:49:23.183,,,,,4664.0
2021-07-26 15:49:27.377,764.0,,,,
2021-07-26 15:49:29.062,,,,694.0,
2021-07-26 15:49:29.187,,,,,4709.0
2021-07-26 15:49:29.850,,749.0,,,
2021-07-26 15:49:32.376,764.0,,,,
2021-07-26 15:49:35.199,,,,,4750.0
2021-07-26 15:49:36.411,,748.0,,,
2021-07-26 15:49:37.253,,,,694.0,
2021-07-26 15:49:37.356,764.0,,,,
2021-07-26 15:49:41.218,,,,,4709.0
2021-07-26 15:49:42.352,765.0,,,,
2021-07-26 15:49:42.980,,749.0,,,
2021-07-26 15:49:45.450,,,,694.0,
2021-07-26 15:49:47.230,,,,,4709.0
2021-07-26 15:49:47.344,765.0,,,,
2021-07-26 15:49:49.541,,748.0,,,
2021-07-26 15:49:52.344,764.0,,,,
2021-07-26 15:49:53.243,,,,,4791.0
2021-07-26 15:49:53.643,,,,694.0,
2021-07-26 15:49:56.100,,747.0,,,
2021-07-26 15:49:57.332,764.0,,,,
2021-07-26 15:49:59.256,,,,,4709.0
2021-07-26 15:50:01.833,,,,694.0,
2021-07-26 15:50:02.330,764.0,,,,
2021-07-26 15:50:02.660,,748.0,,,
2021-07-26 15:50:05.270,,,,,4791.0
2021-07-26 15:50:07.324,765.0,,,,
2021-07-26 15:50:09.220,,747.0,,,
2021-07-26 15:50:10.026,,,,694.0,
2021-07-26 15:50:11.285,,,,,4791.0
2021-07-26 15:50:12.320,765.0,,,,
2021-07-26 15:50:15.780,,748.0,,,
2021-07-26 15:50:17.297,,,,,4709.0
2021-07-26 15:50:17.303,765.0,,,,
2021-07-26 15:50:18.217,,,,695.0,
2021-07-26 15:50:22.299,765.0,,,,
2021-07-26 15:50:22.340,,746.0,,,
2021-07-26 15:50:23.312,,,,,4791.0
2021-07-26 15:50:26.414,,,,694.0,
2021-07-26 15:50:27.295,763.0,,,,
2021-07-26 15:50:28.900,,747.0,,,
2021-07-26 15:50:29.324,,,,,4838.0
2021-07-26 15:50:32.286,764.0,,,,
2021-07-26 15:50:34.607,,,,695.0,
2021-07-26 15:50:35.339,,,,,4791.0
2021-07-26 15:50:37.279,764.0,,,,
2021-07-26 15:50:41.342,,,,,4791.0
2021-07-26 15:50:42.020,,749.0,,,
2021-07-26 15:50:42.275,764.0,,,,
2021-07-26 15:50:42.796,,,,695.0,
2021-07-26 15:50:47.265,765.0,,,,
2021-07-26 15:50:47.352,,,,,4838.0
2021-07-26 15:50:48.580,,749.0,,,
2021-07-26 15:50:50.989,,,,696.0,
2021-07-26 15:50:52.265,765.0,,,,
2021-07-26 15:50:53.368,,,,,4791.0
2021-07-26 15:50:55.140,,749.0,,,
2021-07-26 15:50:57.251,765.0,,,,
2021-07-26 15:50:59.183,,,,696.0,
2021-07-26 15:50:59.380,,,,,4791.0
2021-07-26 15:51:01.700,,750.0,,,
2021-07-26 15:51:02.251,766.0,,,,
2021-07-26 15:51:05.392,,,,,4838.0
2021-07-26 15:51:07.243,766.0,,,,
2021-07-26 15:51:07.379,,,,696.0,
2021-07-26 15:51:08.260,,749.0,,,
2021-07-26 15:51:11.407,,,,,4838.0
2021-07-26 15:51:12.236,766.0,,,,
2021-07-26 15:51:14.820,,750.0,,,
2021-07-26 15:51:15.569,,,,696.0,
2021-07-26 15:51:17.227,766.0,,,,
2021-07-26 15:51:17.418,,,,,4838.0
2021-07-26 15:51:21.380,,749.0,,,
2021-07-26 15:51:22.223,766.0,,,,
2021-07-26 15:51:23.430,,,,,4891.0
2021-07-26 15:51:23.760,,,,697.0,
2021-07-26 15:51:27.211,766.0,,,,
2021-07-26 15:51:27.940,,750.0,,,
2021-07-26 15:51:29.443,,,,,4891.0
2021-07-26 15:51:31.955,,,,696.0,
2021-07-26 15:51:32.209,767.0,,,,
2021-07-26 15:51:34.520,,750.0,,,
2021-07-26 15:51:35.458,,,,,4891.0
2021-07-26 15:51:37.201,766.0,,,,
2021-07-26 15:51:40.149,,,,696.0,
2021-07-26 15:51:41.080,,749.0,,,
2021-07-26 15:51:41.474,,,,,4838.0
2021-07-26 15:51:42.194,766.0,,,,
2021-07-26 15:51:47.185,766.0,,,,
2021-07-26 15:51:47.491,,,,,4891.0
2021-07-26 15:51:48.342,,,,696.0,
2021-07-26 15:51:52.175,766.0,,,,
2021-07-26 15:51:53.495,,,,,4938.0
2021-07-26 15:51:54.200,,750.0,,,
2021-07-26 15:51:56.534,,,,697.0,
2021-07-26 15:51:57.175,766.0,,,,
2021-07-26 15:51:59.509,,,,,4891.0
2021-07-26 15:52:00.760,,751.0,,,
2021-07-26 15:52:02.163,767.0,,,,
2021-07-26 15:52:04.728,,,,696.0,
2021-07-26 15:52:05.528,,,,,4938.0
2021-07-26 15:52:07.152,767.0,,,,
2021-07-26 15:52:07.320,,751.0,,,
2021-07-26 15:52:11.550,,,,,4891.0
2021-07-26 15:52:12.155,767.0,,,,
2021-07-26 15:52:12.919,,,,696.0,
2021-07-26 15:52:13.880,,751.0,,,
2021-07-26 15:52:17.146,766.0,,,,
2021-07-26 15:52:17.563,,,,,4938.0
2021-07-26 15:52:20.440,,751.0,,,
2021-07-26 15:52:21.114,,,,697.0,
2021-07-26 15:52:22.136,766.0,,,,
2021-07-26 15:52:23.579,,,,,4938.0
2021-07-26 15:52:27.000,,751.0,,,
2021-07-26 15:52:27.130,767.0,,,,
2021-07-26 15:52:29.306,,,,696.0,
2021-07-26 15:52:29.593,,,,,4938.0
2021-07-26 15:52:32.123,767.0,,,,
2021-07-26 15:52:33.560,,751.0,,,
2021-07-26 15:52:35.608,,,,,4938.0
2021-07-26 15:52:37.119,768.0,,,,
2021-07-26 15:52:37.497,,,,697.0,
2021-07-26 15:52:40.120,,752.0,,,
2021-07-26 15:52:41.623,,,,,4938.0
2021-07-26 15:52:42.114,768.0,,,,
2021-07-26 15:52:45.691,,,,697.0,
2021-07-26 15:52:46.680,,752.0,,,
2021-07-26 15:52:47.104,768.0,,,,
2021-07-26 15:52:47.642,,,,,4981.0
2021-07-26 15:52:52.097,768.0,,,,
2021-07-26 15:52:53.240,,752.0,,,
2021-07-26 15:52:53.655,,,,,4938.0
2021-07-26 15:52:53.883,,,,698.0,
2021-07-26 15:52:57.091,769.0,,,,
2021-07-26 15:52:59.672,,,,,4981.0
2021-07-26 15:53:02.076,,,,699.0,
2021-07-26 15:53:02.086,769.0,,,,
2021-07-26 15:53:05.674,,,,,4981.0
2021-07-26 15:53:06.360,,751.0,,,
2021-07-26 15:53:07.082,769.0,,,,
2021-07-26 15:53:10.271,,,,699.0,
2021-07-26 15:53:11.690,,,,,4981.0
2021-07-26 15:53:12.071,768.0,,,,
2021-07-26 15:53:12.921,,751.0,,,
2021-07-26 15:53:17.069,769.0,,,,
2021-07-26 15:53:17.706,,,,,4981.0
2021-07-26 15:53:18.463,,,,701.0,
2021-07-26 15:53:19.480,,751.0,,,
2021-07-26 15:53:22.063,768.0,,,,
2021-07-26 15:53:23.717,,,,,4981.0
2021-07-26 15:53:26.040,,751.0,,,
2021-07-26 15:53:26.655,,,,701.0,
2021-07-26 15:53:27.054,768.0,,,,
2021-07-26 15:53:29.728,,,,,4981.0
2021-07-26 15:53:32.048,768.0,,,,
2021-07-26 15:53:32.601,,751.0,,,
2021-07-26 15:53:34.854,,,,701.0,
2021-07-26 15:53:35.742,,,,,5029.0
2021-07-26 15:53:37.045,766.0,,,,
2021-07-26 15:53:39.161,,751.0,,,
2021-07-26 15:53:41.756,,,,,4981.0
2021-07-26 15:53:42.035,765.0,,,,
2021-07-26 15:53:43.045,,,,703.0,
2021-07-26 15:53:45.721,,751.0,,,
2021-07-26 15:53:47.031,765.0,,,,
2021-07-26 15:53:47.771,,,,,4981.0
2021-07-26 15:53:51.237,,,,704.0,
2021-07-26 15:53:52.023,765.0,,,,
2021-07-26 15:53:52.281,,751.0,,,
2021-07-26 15:53:53.784,,,,,4981.0
2021-07-26 15:53:57.013,764.0,,,,
2021-07-26 15:53:58.841,,751.0,,,
2021-07-26 15:53:59.431,,,,705.0,
2021-07-26 15:53:59.804,,,,,5029.0
2021-07-26 15:54:02.011,764.0,,,,
2021-07-26 15:54:05.401,,752.0,,,
2021-07-26 15:54:05.820,,,,,4981.0
2021-07-26 15:54:07.004,765.0,,,,
2021-07-26 15:54:07.621,,,,707.0,
2021-07-26 15:54:11.835,,,,,4981.0
2021-07-26 15:54:12.003,764.0,,,,
2021-07-26 15:54:15.816,,,,707.0,
2021-07-26 15:54:16.990,766.0,,,,
2021-07-26 15:54:17.837,,,,,5081.0
2021-07-26 15:54:18.521,,751.0,,,
2021-07-26 15:54:21.987,767.0,,,,
2021-07-26 15:54:23.851,,,,,5029.0
2021-07-26 15:54:24.007,,,,708.0,
2021-07-26 15:54:25.081,,751.0,,,
2021-07-26 15:54:26.979,767.0,,,,
2021-07-26 15:54:29.866,,,,,5029.0
2021-07-26 15:54:31.641,,752.0,,,
2021-07-26 15:54:31.976,767.0,,,,
2021-07-26 15:54:32.196,,,,708.0,
2021-07-26 15:54:35.877,,,,,4981.0
2021-07-26 15:54:36.968,768.0,,,,
2021-07-26 15:54:38.211,,753.0,,,
2021-07-26 15:54:40.391,,,,709.0,
2021-07-26 15:54:41.892,,,,,5029.0
2021-07-26 15:54:41.964,768.0,,,,
2021-07-26 15:54:44.771,,753.0,,,
2021-07-26 15:54:46.957,768.0,,,,
2021-07-26 15:54:47.906,,,,,5081.0
2021-07-26 15:54:48.581,,,,708.0,
2021-07-26 15:54:51.331,,753.0,,,
2021-07-26 15:54:51.951,767.0,,,,
2021-07-26 15:54:53.921,,,,,5081.0
2021-07-26 15:54:56.779,,,,708.0,
2021-07-26 15:54:56.942,768.0,,,,
2021-07-26 15:54:57.891,,753.0,,,
2021-07-26 15:54:59.933,,,,,5029.0
2021-07-26 15:55:01.936,768.0,,,,
2021-07-26 15:55:04.451,,752.0,,,
2021-07-26 15:55:04.965,,,,709.0,
2021-07-26 15:55:05.948,,,,,5081.0
2021-07-26 15:55:06.929,768.0,,,,
2021-07-26 15:55:11.011,,753.0,,,
2021-07-26 15:55:11.921,769.0,,,,
2021-07-26 15:55:11.962,,,,,5081.0
2021-07-26 15:55:13.158,,,,709.0,
2021-07-26 15:55:16.917,770.0,,,,
2021-07-26 15:55:17.571,,752.0,,,
2021-07-26 15:55:17.977,,,,,5081.0
2021-07-26 15:55:21.349,,,,710.0,
2021-07-26 15:55:21.905,771.0,,,,
2021-07-26 15:55:23.990,,,,,5029.0
2021-07-26 15:55:26.899,772.0,,,,
2021-07-26 15:55:29.546,,,,710.0,
2021-07-26 15:55:29.996,,,,,5081.0
2021-07-26 15:55:30.691,,754.0,,,
2021-07-26 15:55:31.894,772.0,,,,
2021-07-26 15:55:36.006,,,,,5081.0
2021-07-26 15:55:36.882,772.0,,,,
2021-07-26 15:55:37.252,,754.0,,,
2021-07-26 15:55:37.739,,,,710.0,
2021-07-26 15:55:41.869,773.0,,,,
2021-07-26 15:55:42.019,,,,,5029.0
2021-07-26 15:55:43.812,,753.0,,,
2021-07-26 15:55:45.935,,,,710.0,
2021-07-26 15:55:46.870,772.0,,,,
2021-07-26 15:55:48.034,,,,,5081.0
2021-07-26 15:55:50.372,,753.0,,,
2021-07-26 15:55:51.862,772.0,,,,
2021-07-26 15:55:54.048,,,,,5029.0
2021-07-26 15:55:54.124,,,,710.0,
2021-07-26 15:55:56.850,772.0,,,,
2021-07-26 15:55:56.932,,753.0,,,
2021-07-26 15:56:00.062,,,,,5081.0
2021-07-26 15:56:01.845,772.0,,,,
2021-07-26 15:56:02.318,,,,709.0,
2021-07-26 15:56:03.492,,753.0,,,
2021-07-26 15:56:06.076,,,,,5081.0
2021-07-26 15:56:06.837,772.0,,,,
2021-07-26 15:56:10.052,,753.0,,,
2021-07-26 15:56:10.513,,,,708.0,
2021-07-26 15:56:11.838,772.0,,,,
2021-07-26 15:56:12.090,,,,,5081.0
2021-07-26 15:56:16.612,,752.0,,,
2021-07-26 15:56:16.823,772.0,,,,
2021-07-26 15:56:18.104,,,,,4981.0
2021-07-26 15:56:18.706,,,,709.0,
2021-07-26 15:56:21.820,775.0,,,,
2021-07-26 15:56:23.172,,753.0,,,
2021-07-26 15:56:24.116,,,,,5081.0
2021-07-26 15:56:26.807,775.0,,,,
2021-07-26 15:56:26.898,,,,708.0,
2021-07-26 15:56:29.732,,755.0,,,
2021-07-26 15:56:30.130,,,,,5081.0
2021-07-26 15:56:31.801,776.0,,,,
2021-07-26 15:56:35.088,,,,709.0,
2021-07-26 15:56:36.148,,,,,5081.0
2021-07-26 15:56:36.788,776.0,,,,
2021-07-26 15:56:41.780,776.0,,,,
2021-07-26 15:56:42.148,,,,,5081.0
2021-07-26 15:56:42.852,,752.0,,,
2021-07-26 15:56:43.284,,,,709.0,
2021-07-26 15:56:46.775,776.0,,,,
2021-07-26 15:56:48.161,,,,,5081.0
2021-07-26 15:56:49.412,,751.0,,,
2021-07-26 15:56:51.479,,,,709.0,
2021-07-26 15:56:51.768,776.0,,,,
2021-07-26 15:56:54.178,,,,,5081.0
2021-07-26 15:56:55.972,,751.0,,,
2021-07-26 15:56:56.767,775.0,,,,
2021-07-26 15:56:59.667,,,,709.0,
2021-07-26 15:57:00.194,,,,,5081.0
2021-07-26 15:57:01.761,775.0,,,,
2021-07-26 15:57:02.532,,751.0,,,
2021-07-26 15:57:06.209,,,,,5081.0
2021-07-26 15:57:06.756,775.0,,,,
2021-07-26 15:57:07.861,,,,709.0,
2021-07-26 15:57:09.092,,751.0,,,
2021-07-26 15:57:11.750,775.0,,,,
2021-07-26 15:57:12.220,,,,,5081.0
2021-07-26 15:57:15.652,,751.0,,,
2021-07-26 15:57:16.053,,,,710.0,
2021-07-26 15:57:16.740,775.0,,,,
2021-07-26 15:57:18.237,,,,,5081.0
2021-07-26 15:57:21.732,774.0,,,,
2021-07-26 15:57:22.212,,750.0,,,
2021-07-26 15:57:24.246,,,,710.0,
2021-07-26 15:57:24.251,,,,,5081.0
2021-07-26 15:57:26.729,775.0,,,,
2021-07-26 15:57:28.772,,751.0,,,
2021-07-26 15:57:30.269,,,,,5139.0
2021-07-26 15:57:31.723,776.0,,,,
2021-07-26 15:57:32.444,,,,709.0,
2021-07-26 15:57:35.332,,751.0,,,
2021-07-26 15:57:36.284,,,,,5139.0
2021-07-26 15:57:36.712,775.0,,,,
2021-07-26 15:57:40.632,,,,709.0,
2021-07-26 15:57:41.707,774.0,,,,
2021-07-26 15:57:41.892,,752.0,,,
2021-07-26 15:57:42.298,,,,,5081.0
2021-07-26 15:57:46.695,774.0,,,,
2021-07-26 15:57:48.313,,,,,5081.0
2021-07-26 15:57:48.821,,,,710.0,
2021-07-26 15:57:51.690,774.0,,,,
2021-07-26 15:57:54.318,,,,,5139.0
2021-07-26 15:57:55.012,,750.0,,,
2021-07-26 15:57:56.683,774.0,,,,
2021-07-26 15:57:57.015,,,,710.0,
2021-07-26 15:58:00.332,,,,,5139.0
2021-07-26 15:58:01.574,,752.0,,,
2021-07-26 15:58:01.674,774.0,,,,
2021-07-26 15:58:05.210,,,,710.0,
2021-07-26 15:58:06.345,,,,,5029.0
2021-07-26 15:58:06.663,774.0,,,,
2021-07-26 15:58:08.135,,752.0,,,
2021-07-26 15:58:11.661,774.0,,,,
2021-07-26 15:58:12.361,,,,,5081.0
2021-07-26 15:58:13.402,,,,710.0,
2021-07-26 15:58:14.693,,752.0,,,
2021-07-26 15:58:16.651,774.0,,,,
2021-07-26 15:58:18.375,,,,,5139.0
2021-07-26 15:58:21.253,,751.0,,,
2021-07-26 15:58:21.594,,,,710.0,
2021-07-26 15:58:21.645,774.0,,,,
2021-07-26 15:58:24.391,,,,,5081.0
2021-07-26 15:58:26.636,775.0,,,,
2021-07-26 15:58:27.812,,752.0,,,
2021-07-26 15:58:29.787,,,,710.0,
2021-07-26 15:58:30.404,,,,,5139.0
2021-07-26 15:58:31.632,775.0,,,,
2021-07-26 15:58:34.374,,751.0,,,
2021-07-26 15:58:36.419,,,,,5081.0
2021-07-26 15:58:36.630,775.0,,,,
2021-07-26 15:58:37.986,,,,710.0,
2021-07-26 15:58:40.933,,751.0,,,
2021-07-26 15:58:41.612,775.0,,,,
2021-07-26 15:58:42.433,,,,,5029.0
2021-07-26 15:58:46.174,,,,711.0,
2021-07-26 15:58:46.593,775.0,,,,
2021-07-26 15:58:47.493,,753.0,,,
2021-07-26 15:58:48.449,,,,,5081.0
2021-07-26 15:58:51.599,775.0,,,,
2021-07-26 15:58:54.053,,753.0,,,
2021-07-26 15:58:54.368,,,,711.0,
2021-07-26 15:58:54.461,,,,,5139.0
2021-07-26 15:58:56.593,775.0,,,,
2021-07-26 15:59:00.474,,,,,5081.0
2021-07-26 15:59:01.589,775.0,,,,
2021-07-26 15:59:02.563,,,,711.0,
2021-07-26 15:59:06.477,,,,,5139.0
2021-07-26 15:59:06.574,775.0,,,,
2021-07-26 15:59:07.174,,753.0,,,
2021-07-26 15:59:10.751,,,,710.0,
2021-07-26 15:59:11.569,775.0,,,,
2021-07-26 15:59:12.492,,,,,5081.0
2021-07-26 15:59:13.733,,754.0,,,
2021-07-26 15:59:16.561,775.0,,,,
2021-07-26 15:59:18.513,,,,,5139.0
2021-07-26 15:59:18.945,,,,711.0,
2021-07-26 15:59:20.293,,753.0,,,
2021-07-26 15:59:21.557,775.0,,,,
2021-07-26 15:59:24.526,,,,,5081.0
2021-07-26 15:59:26.541,776.0,,,,
2021-07-26 15:59:26.853,,754.0,,,
2021-07-26 15:59:27.139,,,,711.0,
2021-07-26 15:59:30.543,,,,,5081.0
2021-07-26 15:59:31.540,776.0,,,,
2021-07-26 15:59:33.413,,755.0,,,
2021-07-26 15:59:35.334,,,,711.0,
2021-07-26 15:59:36.536,777.0,,,,
2021-07-26 15:59:36.555,,,,,5139.0
2021-07-26 15:59:39.973,,754.0,,,
2021-07-26 15:59:41.509,776.0,,,,
2021-07-26 15:59:42.566,,,,,5139.0
2021-07-26 15:59:43.525,,,,711.0,
2021-07-26 15:59:46.518,776.0,,,,
2021-07-26 15:59:46.533,,754.0,,,
2021-07-26 15:59:48.585,,,,,5139.0
2021-07-26 15:59:51.510,777.0,,,,
2021-07-26 15:59:51.718,,,,712.0,
2021-07-26 15:59:53.093,,754.0,,,
2021-07-26 15:59:54.599,,,,,5139.0
2021-07-26 15:59:56.513,777.0,,,,
2021-07-26 15:59:59.653,,754.0,,,
2021-07-26 15:59:59.910,,,,712.0,
2021-07-26 16:00:00.612,,,,,5081.0
2021-07-26 16:00:01.500,777.0,,,,
2021-07-26 16:00:06.213,,754.0,,,
2021-07-26 16:00:06.492,777.0,,,,
2021-07-26 16:00:06.626,,,,,5139.0
2021-07-26 16:00:08.107,,,,712.0,
2021-07-26 16:00:11.484,777.0,,,,
2021-07-26 16:00:12.640,,,,,5139.0
2021-07-26 16:00:16.303,,,,712.0,
2021-07-26 16:00:16.484,777.0,,,,
2021-07-26 16:00:18.643,,,,,5139.0
2021-07-26 16:00:19.333,,755.0,,,
2021-07-26 16:00:21.478,776.0,,,,
2021-07-26 16:00:24.497,,,,713.0,
2021-07-26 16:00:24.654,,,,,5139.0
2021-07-26 16:00:25.893,,754.0,,,
2021-07-26 16:00:26.469,776.0,,,,
2021-07-26 16:00:30.671,,,,,5139.0
2021-07-26 16:00:31.459,776.0,,,,
2021-07-26 16:00:32.454,,753.0,,,
2021-07-26 16:00:32.687,,,,713.0,
2021-07-26 16:00:36.452,777.0,,,,
2021-07-26 16:00:36.687,,,,,5139.0
2021-07-26 16:00:39.013,,753.0,,,
2021-07-26 16:00:40.881,,,,713.0,
2021-07-26 16:00:41.450,778.0,,,,
2021-07-26 16:00:42.708,,,,,5139.0
2021-07-26 16:00:45.573,,755.0,,,
2021-07-26 16:00:46.443,778.0,,,,
2021-07-26 16:00:48.720,,,,,5139.0
2021-07-26 16:00:49.078,,,,713.0,
2021-07-26 16:00:51.436,778.0,,,,
2021-07-26 16:00:52.133,,755.0,,,
2021-07-26 16:00:54.737,,,,,5139.0
2021-07-26 16:00:56.431,777.0,,,,
2021-07-26 16:00:57.270,,,,712.0,
2021-07-26 16:00:58.693,,755.0,,,
2021-07-26 16:01:00.751,,,,,5081.0
2021-07-26 16:01:01.421,776.0,,,,
2021-07-26 16:01:05.253,,755.0,,,
2021-07-26 16:01:05.462,,,,712.0,
2021-07-26 16:01:06.410,777.0,,,,
2021-07-26 16:01:06.766,,,,,5139.0
2021-07-26 16:01:11.401,777.0,,,,
2021-07-26 16:01:11.814,,756.0,,,
2021-07-26 16:01:12.781,,,,,5029.0
2021-07-26 16:01:13.654,,,,713.0,
2021-07-26 16:01:16.402,777.0,,,,
2021-07-26 16:01:18.374,,757.0,,,
2021-07-26 16:01:18.795,,,,,5081.0
2021-07-26 16:01:21.392,777.0,,,,
2021-07-26 16:01:21.848,,,,712.0,
2021-07-26 16:01:24.813,,,,,5081.0
2021-07-26 16:01:26.386,777.0,,,,
2021-07-26 16:01:30.040,,,,712.0,
2021-07-26 16:01:30.815,,,,,5139.0
2021-07-26 16:01:31.372,776.0,,,,
2021-07-26 16:01:31.494,,756.0,,,
2021-07-26 16:01:36.369,776.0,,,,
2021-07-26 16:01:36.831,,,,,5081.0
2021-07-26 16:01:38.054,,757.0,,,
2021-07-26 16:01:38.233,,,,712.0,
2021-07-26 16:01:41.371,777.0,,,,
2021-07-26 16:01:42.843,,,,,5139.0
2021-07-26 16:01:44.614,,756.0,,,
2021-07-26 16:01:46.359,777.0,,,,
2021-07-26 16:01:48.860,,,,,5139.0
2021-07-26 16:01:51.174,,756.0,,,
2021-07-26 16:01:51.350,777.0,,,,
2021-07-26 16:01:54.875,,,,,5139.0
2021-07-26 16:01:56.347,777.0,,,,
2021-07-26 16:01:57.734,,758.0,,,
2021-07-26 16:02:00.885,,,,,5081.0
2021-07-26 16:02:01.343,775.0,,,,
2021-07-26 16:02:04.294,,759.0,,,
2021-07-26 16:02:06.325,776.0,,,,
2021-07-26 16:02:06.899,,,,,5139.0
2021-07-26 16:02:10.854,,758.0,,,
2021-07-26 16:02:11.320,777.0,,,,
2021-07-26 16:02:12.914,,,,,5081.0
2021-07-26 16:02:16.316,777.0,,,,
2021-07-26 16:02:17.414,,756.0,,,
2021-07-26 16:02:18.929,,,,,5139.0
2021-07-26 16:02:21.313,777.0,,,,
2021-07-26 16:02:23.461,,,,713.0,
2021-07-26 16:02:23.974,,755.0,,,
2021-07-26 16:02:24.945,,,,,5139.0
2021-07-26 16:02:26.304,777.0,,,,
2021-07-26 16:02:30.534,,756.0,,,
2021-07-26 16:02:30.958,,,,,5081.0
2021-07-26 16:02:31.290,776.0,,,,
2021-07-26 16:02:31.652,,,,713.0,
2021-07-26 16:02:36.285,775.0,,,,
2021-07-26 16:02:36.973,,,,,5081.0
2021-07-26 16:02:39.845,,,,713.0,
2021-07-26 16:02:41.281,776.0,,,,
2021-07-26 16:02:42.976,,,,,5139.0
2021-07-26 16:02:43.654,,756.0,,,
2021-07-26 16:02:46.277,776.0,,,,
2021-07-26 16:02:48.040,,,,712.0,
2021-07-26 16:02:48.991,,,,,5081.0
2021-07-26 16:02:50.214,,756.0,,,
2021-07-26 16:02:51.269,777.0,,,,
2021-07-26 16:02:55.010,,,,,5081.0
2021-07-26 16:02:56.230,,,,712.0,
2021-07-26 16:02:56.259,777.0,,,,
2021-07-26 16:02:56.774,,758.0,,,
2021-07-26 16:03:01.027,,,,,5081.0
2021-07-26 16:03:01.255,777.0,,,,
2021-07-26 16:03:03.334,,758.0,,,
2021-07-26 16:03:04.424,,,,712.0,
2021-07-26 16:03:06.252,777.0,,,,
2021-07-26 16:03:07.038,,,,,5081.0
2021-07-26 16:03:09.894,,757.0,,,
2021-07-26 16:03:11.239,777.0,,,,
2021-07-26 16:03:12.619,,,,711.0,
2021-07-26 16:03:13.052,,,,,5139.0
2021-07-26 16:03:16.230,777.0,,,,
2021-07-26 16:03:16.454,,757.0,,,
2021-07-26 16:03:19.069,,,,,5139.0
2021-07-26 16:03:20.815,,,,712.0,
2021-07-26 16:03:21.223,778.0,,,,
2021-07-26 16:03:23.015,,757.0,,,
2021-07-26 16:03:25.082,,,,,5139.0
2021-07-26 16:03:26.217,778.0,,,,
2021-07-26 16:03:29.008,,,,712.0,
2021-07-26 16:03:29.575,,758.0,,,
2021-07-26 16:03:31.094,,,,,5139.0
2021-07-26 16:03:31.209,779.0,,,,
2021-07-26 16:03:36.134,,758.0,,,
2021-07-26 16:03:36.188,779.0,,,,
2021-07-26 16:03:37.111,,,,,5081.0
2021-07-26 16:03:37.200,,,,713.0,
2021-07-26 16:03:41.196,778.0,,,,
2021-07-26 16:03:42.695,,759.0,,,
2021-07-26 16:03:43.125,,,,,5081.0
2021-07-26 16:03:45.391,,,,712.0,
2021-07-26 16:03:46.187,778.0,,,,
2021-07-26 16:03:49.140,,,,,5081.0
2021-07-26 16:03:51.179,779.0,,,,
2021-07-26 16:03:53.583,,,,713.0,
2021-07-26 16:03:55.143,,,,,5081.0
2021-07-26 16:03:55.815,,757.0,,,
2021-07-26 16:03:56.169,779.0,,,,
2021-07-26 16:04:01.155,,,,,5139.0
2021-07-26 16:04:01.163,779.0,,,,
2021-07-26 16:04:01.774,,,,713.0,
2021-07-26 16:04:02.375,,757.0,,,
2021-07-26 16:04:06.160,779.0,,,,
2021-07-26 16:04:07.171,,,,,5029.0
2021-07-26 16:04:08.945,,759.0,,,
2021-07-26 16:04:09.968,,,,713.0,
2021-07-26 16:04:11.146,778.0,,,,
2021-07-26 16:04:13.186,,,,,5081.0
2021-07-26 16:04:15.505,,758.0,,,
2021-07-26 16:04:16.140,778.0,,,,
2021-07-26 16:04:18.160,,,,714.0,
2021-07-26 16:04:19.200,,,,,5081.0
2021-07-26 16:04:21.135,778.0,,,,
2021-07-26 16:04:22.075,,759.0,,,
2021-07-26 16:04:25.215,,,,,5029.0
2021-07-26 16:04:26.133,778.0,,,,
2021-07-26 16:04:26.354,,,,715.0,
2021-07-26 16:04:28.635,,758.0,,,
2021-07-26 16:04:31.121,779.0,,,,
2021-07-26 16:04:31.223,,,,,5139.0
2021-07-26 16:04:34.548,,,,715.0,
2021-07-26 16:04:35.195,,757.0,,,
2021-07-26 16:04:36.113,779.0,,,,
2021-07-26 16:04:37.241,,,,,5139.0
2021-07-26 16:04:41.109,779.0,,,,
2021-07-26 16:04:41.755,,757.0,,,
2021-07-26 16:04:42.747,,,,714.0,
2021-07-26 16:04:43.252,,,,,5081.0
2021-07-26 16:04:46.105,779.0,,,,
2021-07-26 16:04:48.315,,756.0,,,
2021-07-26 16:04:49.268,,,,,5081.0
2021-07-26 16:04:50.939,,,,715.0,
2021-07-26 16:04:51.093,780.0,,,,
2021-07-26 16:04:54.875,,758.0,,,
2021-07-26 16:04:55.280,,,,,5081.0
2021-07-26 16:04:56.083,779.0,,,,
2021-07-26 16:04:59.128,,,,715.0,
2021-07-26 16:05:01.078,780.0,,,,
2021-07-26 16:05:01.291,,,,,5081.0
2021-07-26 16:05:06.071,781.0,,,,
2021-07-26 16:05:07.294,,,,,5081.0
2021-07-26 16:05:07.323,,,,716.0,
2021-07-26 16:05:07.995,,759.0,,,
2021-07-26 16:05:11.058,782.0,,,,
2021-07-26 16:05:13.311,,,,,5029.0
2021-07-26 16:05:14.555,,760.0,,,
2021-07-26 16:05:15.515,,,,716.0,
2021-07-26 16:05:16.056,782.0,,,,
2021-07-26 16:05:19.328,,,,,5081.0
2021-07-26 16:05:21.049,782.0,,,,
2021-07-26 16:05:21.116,,760.0,,,
2021-07-26 16:05:23.708,,,,717.0,
2021-07-26 16:05:25.342,,,,,5081.0
2021-07-26 16:05:26.043,783.0,,,,
2021-07-26 16:05:27.675,,760.0,,,
2021-07-26 16:05:31.038,783.0,,,,
2021-07-26 16:05:31.358,,,,,5081.0
2021-07-26 16:05:31.900,,,,716.0,
2021-07-26 16:05:34.236,,761.0,,,
2021-07-26 16:05:36.029,782.0,,,,
2021-07-26 16:05:37.367,,,,,5081.0
2021-07-26 16:05:40.092,,,,716.0,
2021-07-26 16:05:40.795,,761.0,,,
2021-07-26 16:05:41.018,783.0,,,,
2021-07-26 16:05:43.381,,,,,5081.0
2021-07-26 16:05:46.013,783.0,,,,
2021-07-26 16:05:47.357,,761.0,,,
2021-07-26 16:05:48.284,,,,717.0,
2021-07-26 16:05:49.394,,,,,5081.0
2021-07-26 16:05:51.003,783.0,,,,
2021-07-26 16:05:53.916,,761.0,,,
2021-07-26 16:05:55.411,,,,,5081.0
2021-07-26 16:05:55.998,783.0,,,,
2021-07-26 16:05:56.480,,,,717.0,
2021-07-26 16:06:00.476,,762.0,,,
2021-07-26 16:06:00.993,783.0,,,,
2021-07-26 16:06:01.426,,,,,5081.0
2021-07-26 16:06:04.676,,,,717.0,
2021-07-26 16:06:05.983,783.0,,,,
2021-07-26 16:06:07.036,,762.0,,,
2021-07-26 16:06:07.439,,,,,5029.0
2021-07-26 16:06:10.980,783.0,,,,
2021-07-26 16:06:12.873,,,,717.0,
2021-07-26 16:06:13.456,,,,,5081.0
2021-07-26 16:06:15.967,783.0,,,,
2021-07-26 16:06:19.457,,,,,5081.0
2021-07-26 16:06:20.156,,760.0,,,
2021-07-26 16:06:20.957,784.0,,,,
2021-07-26 16:06:21.058,,,,717.0,
2021-07-26 16:06:25.470,,,,,5081.0
2021-07-26 16:06:25.955,783.0,,,,
2021-07-26 16:06:26.716,,759.0,,,
2021-07-26 16:06:29.253,,,,715.0,
2021-07-26 16:06:30.947,783.0,,,,
2021-07-26 16:06:31.485,,,,,5029.0
2021-07-26 16:06:33.276,,759.0,,,
2021-07-26 16:06:35.945,780.0,,,,
2021-07-26 16:06:37.447,,,,715.0,
2021-07-26 16:06:37.497,,,,,5029.0
2021-07-26 16:06:39.837,,759.0,,,
2021-07-26 16:06:40.955,780.0,,,,
2021-07-26 16:06:43.518,,,,,4981.0
2021-07-26 16:06:45.640,,,,715.0,
2021-07-26 16:06:45.933,780.0,,,,
2021-07-26 16:06:46.397,,757.0,,,
2021-07-26 16:06:49.537,,,,,4981.0
2021-07-26 16:06:50.929,779.0,,,,
2021-07-26 16:06:52.957,,755.0,,,
2021-07-26 16:06:53.832,,,,714.0,
2021-07-26 16:06:55.546,,,,,4981.0
2021-07-26 16:06:55.918,777.0,,,,
2021-07-26 16:06:59.517,,754.0,,,
2021-07-26 16:07:00.901,777.0,,,,
2021-07-26 16:07:01.563,,,,,5029.0
2021-07-26 16:07:02.023,,,,714.0,
2021-07-26 16:07:05.925,777.0,,,,
2021-07-26 16:07:06.077,,754.0,,,
2021-07-26 16:07:07.574,,,,,5029.0
2021-07-26 16:07:10.216,,,,713.0,
2021-07-26 16:07:10.907,777.0,,,,
2021-07-26 16:07:12.638,,752.0,,,
2021-07-26 16:07:13.592,,,,,5029.0
2021-07-26 16:07:15.894,778.0,,,,
2021-07-26 16:07:18.418,,,,714.0,
2021-07-26 16:07:19.198,,751.0,,,
2021-07-26 16:07:19.602,,,,,5029.0
2021-07-26 16:07:20.892,778.0,,,,
2021-07-26 16:07:25.619,,,,,4938.0
2021-07-26 16:07:25.885,777.0,,,,
2021-07-26 16:07:26.609,,,,713.0,
2021-07-26 16:07:30.880,776.0,,,,
2021-07-26 16:07:31.623,,,,,4981.0
2021-07-26 16:07:32.319,,751.0,,,
2021-07-26 16:07:34.799,,,,713.0,
2021-07-26 16:07:35.877,775.0,,,,
2021-07-26 16:07:37.634,,,,,4981.0
2021-07-26 16:07:38.878,,752.0,,,
2021-07-26 16:07:40.868,775.0,,,,
2021-07-26 16:07:42.994,,,,713.0,
2021-07-26 16:07:43.649,,,,,4981.0
2021-07-26 16:07:45.439,,753.0,,,
2021-07-26 16:07:45.863,776.0,,,,
2021-07-26 16:07:49.666,,,,,4981.0
2021-07-26 16:07:50.858,777.0,,,,
2021-07-26 16:07:51.183,,,,712.0,
2021-07-26 16:07:51.998,,752.0,,,
2021-07-26 16:07:55.681,,,,,4981.0
2021-07-26 16:07:55.852,777.0,,,,
2021-07-26 16:07:58.559,,754.0,,,
2021-07-26 16:07:59.377,,,,711.0,
2021-07-26 16:08:00.845,776.0,,,,
2021-07-26 16:08:01.695,,,,,5029.0
2021-07-26 16:08:05.119,,755.0,,,
2021-07-26 16:08:05.833,775.0,,,,
2021-07-26 16:08:07.570,,,,711.0,
2021-07-26 16:08:07.709,,,,,4981.0
2021-07-26 16:08:10.829,775.0,,,,
2021-07-26 16:08:11.679,,754.0,,,
2021-07-26 16:08:13.730,,,,,5029.0
2021-07-26 16:08:15.763,,,,711.0,
2021-07-26 16:08:15.823,775.0,,,,
2021-07-26 16:08:18.239,,754.0,,,
2021-07-26 16:08:19.744,,,,,4981.0
2021-07-26 16:08:20.816,775.0,,,,
2021-07-26 16:08:23.954,,,,711.0,
2021-07-26 16:08:24.799,,754.0,,,
2021-07-26 16:08:25.761,,,,,4981.0
2021-07-26 16:08:25.813,774.0,,,,
2021-07-26 16:08:30.801,774.0,,,,
2021-07-26 16:08:31.359,,753.0,,,
2021-07-26 16:08:31.775,,,,,5029.0
2021-07-26 16:08:32.146,,,,712.0,
2021-07-26 16:08:35.801,775.0,,,,
2021-07-26 16:08:37.793,,,,,4981.0
2021-07-26 16:08:40.341,,,,711.0,
2021-07-26 16:08:40.793,776.0,,,,
2021-07-26 16:08:43.798,,,,,4981.0
2021-07-26 16:08:44.479,,753.0,,,
2021-07-26 16:08:45.782,775.0,,,,
2021-07-26 16:08:48.532,,,,710.0,
2021-07-26 16:08:49.810,,,,,4981.0
2021-07-26 16:08:50.778,776.0,,,,
2021-07-26 16:08:51.039,,752.0,,,
2021-07-26 16:08:55.778,775.0,,,,
2021-07-26 16:08:55.823,,,,,4981.0
2021-07-26 16:08:56.724,,,,711.0,
2021-07-26 16:08:57.599,,753.0,,,
2021-07-26 16:09:00.770,774.0,,,,
2021-07-26 16:09:01.838,,,,,4981.0
2021-07-26 16:09:04.160,,755.0,,,
2021-07-26 16:09:04.918,,,,711.0,
2021-07-26 16:09:05.761,775.0,,,,
2021-07-26 16:09:07.852,,,,,4981.0
2021-07-26 16:09:10.720,,754.0,,,
2021-07-26 16:09:10.753,775.0,,,,
2021-07-26 16:09:13.111,,,,710.0,
2021-07-26 16:09:13.866,,,,,4981.0
2021-07-26 16:09:15.742,775.0,,,,
2021-07-26 16:09:17.280,,753.0,,,
2021-07-26 16:09:19.880,,,,,4981.0
2021-07-26 16:09:20.736,775.0,,,,
2021-07-26 16:09:21.304,,,,711.0,
2021-07-26 16:09:23.840,,754.0,,,
2021-07-26 16:09:25.753,776.0,,,,
2021-07-26 16:09:25.895,,,,,4981.0
2021-07-26 16:09:29.501,,,,710.0,
2021-07-26 16:09:30.400,,755.0,,,
2021-07-26 16:09:30.738,775.0,,,,
2021-07-26 16:09:31.908,,,,,4981.0
2021-07-26 16:09:35.719,775.0,,,,
2021-07-26 16:09:36.970,,757.0,,,
2021-07-26 16:09:37.690,,,,710.0,
2021-07-26 16:09:37.922,,,,,4981.0
2021-07-26 16:09:40.713,776.0,,,,
2021-07-26 16:09:43.530,,757.0,,,
2021-07-26 16:09:43.942,,,,,4981.0
2021-07-26 16:09:45.709,776.0,,,,
2021-07-26 16:09:45.883,,,,710.0,
2021-07-26 16:09:49.955,,,,,4981.0
2021-07-26 16:09:50.704,776.0,,,,
2021-07-26 16:09:54.080,,,,710.0,
2021-07-26 16:09:55.694,776.0,,,,
2021-07-26 16:09:55.957,,,,,4981.0
2021-07-26 16:09:56.650,,756.0,,,
2021-07-26 16:10:00.695,776.0,,,,
2021-07-26 16:10:01.972,,,,,4981.0
2021-07-26 16:10:02.271,,,,710.0,
2021-07-26 16:10:03.211,,756.0,,,
2021-07-26 16:10:05.683,776.0,,,,
2021-07-26 16:10:07.985,,,,,4938.0
2021-07-26 16:10:09.770,,756.0,,,
2021-07-26 16:10:10.466,,,,709.0,
2021-07-26 16:10:10.680,776.0,,,,
2021-07-26 16:10:13.996,,,,,4981.0
2021-07-26 16:10:15.675,776.0,,,,
2021-07-26 16:10:16.330,,756.0,,,
2021-07-26 16:10:18.656,,,,709.0,
2021-07-26 16:10:20.013,,,,,4981.0
2021-07-26 16:10:20.662,775.0,,,,
2021-07-26 16:10:22.890,,755.0,,,
2021-07-26 16:10:25.662,775.0,,,,
2021-07-26 16:10:26.026,,,,,4981.0
2021-07-26 16:10:26.851,,,,709.0,
2021-07-26 16:10:29.451,,756.0,,,
2021-07-26 16:10:30.652,775.0,,,,
2021-07-26 16:10:32.040,,,,,4981.0
2021-07-26 16:10:35.044,,,,709.0,
2021-07-26 16:10:35.645,775.0,,,,
2021-07-26 16:10:36.011,,755.0,,,
2021-07-26 16:10:38.059,,,,,4938.0
2021-07-26 16:10:40.638,775.0,,,,
2021-07-26 16:10:42.571,,755.0,,,
2021-07-26 16:10:43.241,,,,710.0,
2021-07-26 16:10:44.071,,,,,4981.0
2021-07-26 16:10:45.635,775.0,,,,
2021-07-26 16:10:49.131,,756.0,,,
2021-07-26 16:10:50.089,,,,,4981.0
2021-07-26 16:10:50.631,776.0,,,,
2021-07-26 16:10:51.430,,,,711.0,
2021-07-26 16:10:55.620,776.0,,,,
2021-07-26 16:10:55.691,,757.0,,,
2021-07-26 16:10:56.103,,,,,4981.0
2021-07-26 16:10:59.629,,,,711.0,
2021-07-26 16:11:00.613,776.0,,,,
2021-07-26 16:11:02.114,,,,,4938.0
2021-07-26 16:11:05.609,777.0,,,,
2021-07-26 16:11:07.820,,,,711.0,
2021-07-26 16:11:08.119,,,,,4981.0
2021-07-26 16:11:08.811,,757.0,,,
2021-07-26 16:11:10.605,776.0,,,,
2021-07-26 16:11:14.133,,,,,4938.0
2021-07-26 16:11:15.371,,756.0,,,
2021-07-26 16:11:15.597,776.0,,,,
2021-07-26 16:11:16.015,,,,710.0,
2021-07-26 16:11:20.150,,,,,4938.0
2021-07-26 16:11:20.592,776.0,,,,
2021-07-26 16:11:21.931,,755.0,,,
2021-07-26 16:11:24.210,,,,711.0,
2021-07-26 16:11:25.591,777.0,,,,
2021-07-26 16:11:26.166,,,,,4891.0
2021-07-26 16:11:28.491,,755.0,,,
2021-07-26 16:11:30.580,777.0,,,,
2021-07-26 16:11:32.180,,,,,4938.0
2021-07-26 16:11:32.400,,,,711.0,
2021-07-26 16:11:35.052,,755.0,,,
2021-07-26 16:11:35.574,777.0,,,,
2021-07-26 16:11:38.195,,,,,4938.0
2021-07-26 16:11:40.570,777.0,,,,
2021-07-26 16:11:40.592,,,,711.0,
2021-07-26 16:11:41.612,,755.0,,,
2021-07-26 16:11:44.210,,,,,4981.0
2021-07-26 16:11:45.566,777.0,,,,
2021-07-26 16:11:48.172,,755.0,,,
2021-07-26 16:11:48.788,,,,712.0,
2021-07-26 16:11:50.221,,,,,4938.0
2021-07-26 16:11:50.552,778.0,,,,
2021-07-26 16:11:54.731,,756.0,,,
2021-07-26 16:11:55.546,778.0,,,,
2021-07-26 16:11:56.235,,,,,4938.0
2021-07-26 16:11:56.981,,,,712.0,
2021-07-26 16:12:00.537,778.0,,,,
2021-07-26 16:12:01.292,,755.0,,,
2021-07-26 16:12:02.249,,,,,4981.0
2021-07-26 16:12:05.173,,,,711.0,
2021-07-26 16:12:05.535,778.0,,,,
2021-07-26 16:12:07.852,,755.0,,,
2021-07-26 16:12:08.262,,,,,4938.0
2021-07-26 16:12:10.519,778.0,,,,
2021-07-26 16:12:13.372,,,,712.0,
2021-07-26 16:12:14.274,,,,,4938.0
2021-07-26 16:12:15.514,778.0,,,,
2021-07-26 16:12:20.279,,,,,4938.0
2021-07-26 16:12:20.510,780.0,,,,
2021-07-26 16:12:20.972,,757.0,,,
2021-07-26 16:12:21.561,,,,711.0,
2021-07-26 16:12:25.502,779.0,,,,
2021-07-26 16:12:26.292,,,,,4938.0
2021-07-26 16:12:27.532,,756.0,,,
2021-07-26 16:12:29.757,,,,712.0,
2021-07-26 16:12:30.495,779.0,,,,
2021-07-26 16:12:32.304,,,,,4938.0
2021-07-26 16:12:34.096,,756.0,,,
2021-07-26 16:12:35.487,779.0,,,,
2021-07-26 16:12:37.950,,,,712.0,
2021-07-26 16:12:38.316,,,,,4938.0
2021-07-26 16:12:40.484,779.0,,,,
2021-07-26 16:12:40.652,,756.0,,,
2021-07-26 16:12:44.332,,,,,4938.0
2021-07-26 16:12:45.473,779.0,,,,
2021-07-26 16:12:46.144,,,,712.0,
2021-07-26 16:12:47.212,,758.0,,,
2021-07-26 16:12:50.345,,,,,4938.0
2021-07-26 16:12:50.475,779.0,,,,
2021-07-26 16:12:53.772,,757.0,,,
2021-07-26 16:12:54.332,,,,711.0,
2021-07-26 16:12:55.467,779.0,,,,
2021-07-26 16:12:56.361,,,,,4938.0
2021-07-26 16:13:00.332,,756.0,,,
2021-07-26 16:13:00.458,779.0,,,,
2021-07-26 16:13:02.371,,,,,4938.0
2021-07-26 16:13:02.526,,,,712.0,
2021-07-26 16:13:05.448,779.0,,,,
2021-07-26 16:13:06.892,,756.0,,,
2021-07-26 16:13:08.385,,,,,4938.0
2021-07-26 16:13:10.448,780.0,,,,
2021-07-26 16:13:10.719,,,,712.0,
2021-07-26 16:13:13.452,,756.0,,,
2021-07-26 16:13:14.400,,,,,4891.0
2021-07-26 16:13:15.435,780.0,,,,
2021-07-26 16:13:18.920,,,,713.0,
2021-07-26 16:13:20.012,,756.0,,,
2021-07-26 16:13:20.410,,,,,4891.0
2021-07-26 16:13:20.421,780.0,,,,
2021-07-26 16:13:25.417,779.0,,,,
2021-07-26 16:13:26.428,,,,,4938.0
2021-07-26 16:13:27.107,,,,713.0,
2021-07-26 16:13:30.414,780.0,,,,
2021-07-26 16:13:32.432,,,,,4891.0
2021-07-26 16:13:33.132,,755.0,,,
2021-07-26 16:13:35.301,,,,713.0,
2021-07-26 16:13:35.406,780.0,,,,
2021-07-26 16:13:38.445,,,,,4938.0
2021-07-26 16:13:39.693,,755.0,,,
2021-07-26 16:13:40.409,780.0,,,,
2021-07-26 16:13:43.494,,,,713.0,
2021-07-26 16:13:44.460,,,,,4938.0
2021-07-26 16:13:45.395,780.0,,,,
2021-07-26 16:13:46.253,,755.0,,,
2021-07-26 16:13:50.393,780.0,,,,
2021-07-26 16:13:50.473,,,,,4891.0
2021-07-26 16:13:51.689,,,,713.0,
2021-07-26 16:13:52.813,,756.0,,,
2021-07-26 16:13:55.386,780.0,,,,
2021-07-26 16:13:56.485,,,,,4938.0
2021-07-26 16:13:59.373,,757.0,,,
2021-07-26 16:13:59.883,,,,713.0,
2021-07-26 16:14:00.380,780.0,,,,
2021-07-26 16:14:02.498,,,,,4891.0
2021-07-26 16:14:05.369,780.0,,,,
2021-07-26 16:14:05.933,,757.0,,,
2021-07-26 16:14:08.072,,,,712.0,
2021-07-26 16:14:08.509,,,,,4891.0
2021-07-26 16:14:10.370,780.0,,,,
2021-07-26 16:14:12.493,,758.0,,,
2021-07-26 16:14:14.525,,,,,4938.0
2021-07-26 16:14:15.360,780.0,,,,
2021-07-26 16:14:16.267,,,,713.0,
2021-07-26 16:14:19.055,,758.0,,,
2021-07-26 16:14:20.362,780.0,,,,
2021-07-26 16:14:20.537,,,,,4891.0
2021-07-26 16:14:24.466,,,,712.0,
2021-07-26 16:14:25.353,780.0,,,,
2021-07-26 16:14:25.613,,757.0,,,
2021-07-26 16:14:26.580,,,,,4891.0
2021-07-26 16:14:30.348,780.0,,,,
2021-07-26 16:14:32.173,,758.0,,,
2021-07-26 16:14:32.593,,,,,4891.0
2021-07-26 16:14:32.656,,,,712.0,
2021-07-26 16:14:35.338,780.0,,,,
2021-07-26 16:14:38.604,,,,,4891.0
2021-07-26 16:14:40.336,780.0,,,,
2021-07-26 16:14:40.848,,,,712.0,
2021-07-26 16:14:44.609,,,,,4838.0
2021-07-26 16:14:45.293,,758.0,,,
2021-07-26 16:14:45.332,780.0,,,,
2021-07-26 16:14:49.043,,,,713.0,
2021-07-26 16:14:50.321,780.0,,,,
2021-07-26 16:14:50.621,,,,,4838.0
2021-07-26 16:14:51.853,,757.0,,,
2021-07-26 16:14:55.312,780.0,,,,
2021-07-26 16:14:56.636,,,,,4891.0
2021-07-26 16:14:57.247,,,,713.0,
2021-07-26 16:14:58.414,,756.0,,,
2021-07-26 16:15:00.310,780.0,,,,
2021-07-26 16:15:02.648,,,,,4891.0
2021-07-26 16:15:04.974,,756.0,,,
2021-07-26 16:15:05.304,780.0,,,,
2021-07-26 16:15:05.433,,,,713.0,
2021-07-26 16:15:08.662,,,,,4891.0
2021-07-26 16:15:10.297,781.0,,,,
2021-07-26 16:15:11.534,,756.0,,,
2021-07-26 16:15:13.624,,,,713.0,
2021-07-26 16:15:14.674,,,,,4891.0
2021-07-26 16:15:15.285,781.0,,,,
2021-07-26 16:15:18.094,,756.0,,,
2021-07-26 16:15:20.279,780.0,,,,
2021-07-26 16:15:20.689,,,,,4891.0
2021-07-26 16:15:21.818,,,,713.0,
2021-07-26 16:15:24.654,,756.0,,,
2021-07-26 16:15:25.274,781.0,,,,
2021-07-26 16:15:26.701,,,,,4838.0
2021-07-26 16:15:30.007,,,,713.0,
2021-07-26 16:15:30.270,781.0,,,,
2021-07-26 16:15:31.214,,757.0,,,
2021-07-26 16:15:32.715,,,,,4891.0
2021-07-26 16:15:35.258,781.0,,,,
2021-07-26 16:15:37.774,,757.0,,,
2021-07-26 16:15:38.200,,,,713.0,
2021-07-26 16:15:38.736,,,,,4838.0
2021-07-26 16:15:40.252,781.0,,,,
2021-07-26 16:15:44.334,,758.0,,,
2021-07-26 16:15:44.752,,,,,4891.0
2021-07-26 16:15:45.243,781.0,,,,
2021-07-26 16:15:46.392,,,,713.0,
2021-07-26 16:15:50.235,782.0,,,,
2021-07-26 16:15:50.765,,,,,4891.0
2021-07-26 16:15:54.585,,,,713.0,
2021-07-26 16:15:55.229,781.0,,,,
2021-07-26 16:15:56.766,,,,,4891.0
2021-07-26 16:15:57.454,,757.0,,,
2021-07-26 16:16:00.225,781.0,,,,
2021-07-26 16:16:02.777,,,,713.0,
2021-07-26 16:16:02.787,,,,,4791.0
2021-07-26 16:16:04.016,,755.0,,,
2021-07-26 16:16:05.218,783.0,,,,
2021-07-26 16:16:08.796,,,,,4791.0
2021-07-26 16:16:10.210,783.0,,,,
2021-07-26 16:16:10.574,,756.0,,,
2021-07-26 16:16:10.976,,,,713.0,
2021-07-26 16:16:14.809,,,,,4838.0
2021-07-26 16:16:15.196,783.0,,,,
2021-07-26 16:16:17.134,,756.0,,,
2021-07-26 16:16:19.168,,,,714.0,
2021-07-26 16:16:20.193,782.0,,,,
2021-07-26 16:16:20.823,,,,,4838.0
2021-07-26 16:16:23.694,,757.0,,,
2021-07-26 16:16:25.186,783.0,,,,
2021-07-26 16:16:26.841,,,,,4838.0
2021-07-26 16:16:27.356,,,,714.0,
2021-07-26 16:16:30.175,783.0,,,,
2021-07-26 16:16:30.254,,756.0,,,
2021-07-26 16:16:32.854,,,,,4838.0
2021-07-26 16:16:35.172,783.0,,,,
2021-07-26 16:16:35.549,,,,715.0,
2021-07-26 16:16:36.814,,756.0,,,
2021-07-26 16:16:38.868,,,,,4838.0
2021-07-26 16:16:40.167,782.0,,,,
2021-07-26 16:16:43.374,,755.0,,,
2021-07-26 16:16:44.881,,,,,4838.0
2021-07-26 16:16:45.155,783.0,,,,
2021-07-26 16:16:49.935,,755.0,,,
2021-07-26 16:16:50.142,783.0,,,,
2021-07-26 16:16:50.898,,,,,4891.0
2021-07-26 16:16:55.135,782.0,,,,
2021-07-26 16:16:56.495,,755.0,,,
2021-07-26 16:16:56.910,,,,,4838.0
2021-07-26 16:17:00.129,782.0,,,,
2021-07-26 16:17:02.925,,,,,4838.0
2021-07-26 16:17:05.129,782.0,,,,
2021-07-26 16:17:08.930,,,,,4838.0
2021-07-26 16:17:09.615,,756.0,,,
2021-07-26 16:17:10.116,782.0,,,,
2021-07-26 16:17:14.942,,,,,4791.0
2021-07-26 16:17:15.111,782.0,,,,
2021-07-26 16:17:16.175,,757.0,,,
2021-07-26 16:17:20.101,781.0,,,,
2021-07-26 16:17:20.778,,,,718.0,
2021-07-26 16:17:20.954,,,,,4838.0
2021-07-26 16:17:22.735,,759.0,,,
2021-07-26 16:17:25.094,781.0,,,,
2021-07-26 16:17:26.968,,,,,4838.0
2021-07-26 16:17:28.967,,,,719.0,
2021-07-26 16:17:29.295,,760.0,,,
2021-07-26 16:17:30.087,782.0,,,,
2021-07-26 16:17:32.985,,,,,4838.0
2021-07-26 16:17:35.077,783.0,,,,
2021-07-26 16:17:35.855,,760.0,,,
2021-07-26 16:17:37.161,,,,719.0,
2021-07-26 16:17:38.995,,,,,4838.0
2021-07-26 16:17:40.080,782.0,,,,
2021-07-26 16:17:42.415,,760.0,,,
2021-07-26 16:17:45.007,,,,,4838.0
2021-07-26 16:17:45.067,782.0,,,,
2021-07-26 16:17:45.354,,,,719.0,
2021-07-26 16:17:48.976,,760.0,,,
2021-07-26 16:17:50.058,782.0,,,,
2021-07-26 16:17:51.028,,,,,4791.0
2021-07-26 16:17:53.547,,,,719.0,
2021-07-26 16:17:55.057,782.0,,,,
2021-07-26 16:17:55.535,,760.0,,,
2021-07-26 16:17:57.044,,,,,4791.0
2021-07-26 16:18:00.048,782.0,,,,
2021-07-26 16:18:01.738,,,,719.0,
2021-07-26 16:18:02.095,,759.0,,,
2021-07-26 16:18:03.056,,,,,4838.0
2021-07-26 16:18:05.039,782.0,,,,
2021-07-26 16:18:08.655,,760.0,,,
2021-07-26 16:18:09.068,,,,,4791.0
2021-07-26 16:18:09.934,,,,720.0,
2021-07-26 16:18:10.024,782.0,,,,
2021-07-26 16:18:15.026,782.0,,,,
2021-07-26 16:18:15.082,,,,,4791.0
2021-07-26 16:18:18.132,,,,720.0,
2021-07-26 16:18:20.012,782.0,,,,
2021-07-26 16:18:21.087,,,,,4791.0
2021-07-26 16:18:21.776,,758.0,,,
2021-07-26 16:18:25.002,782.0,,,,
2021-07-26 16:18:26.328,,,,719.0,
2021-07-26 16:18:27.097,,,,,4838.0
2021-07-26 16:18:28.346,,758.0,,,
2021-07-26 16:18:30.000,783.0,,,,
2021-07-26 16:18:33.118,,,,,4791.0
2021-07-26 16:18:34.520,,,,719.0,
2021-07-26 16:18:34.906,,759.0,,,
2021-07-26 16:18:34.982,784.0,,,,
2021-07-26 16:18:39.131,,,,,4791.0
2021-07-26 16:18:39.976,784.0,,,,
2021-07-26 16:18:41.466,,758.0,,,
2021-07-26 16:18:42.724,,,,718.0,
2021-07-26 16:18:44.974,785.0,,,,
2021-07-26 16:18:45.143,,,,,4791.0
2021-07-26 16:18:48.026,,758.0,,,
2021-07-26 16:18:49.974,784.0,,,,
2021-07-26 16:18:50.902,,,,718.0,
2021-07-26 16:18:51.164,,,,,4750.0
2021-07-26 16:18:54.586,,758.0,,,
2021-07-26 16:18:54.962,784.0,,,,
2021-07-26 16:18:57.177,,,,,4750.0
2021-07-26 16:18:59.097,,,,717.0,
2021-07-26 16:18:59.949,785.0,,,,
2021-07-26 16:19:01.146,,758.0,,,
2021-07-26 16:19:03.203,,,,,4791.0
2021-07-26 16:19:04.945,784.0,,,,
2021-07-26 16:19:07.299,,,,717.0,
2021-07-26 16:19:07.706,,759.0,,,
2021-07-26 16:19:09.216,,,,,4750.0
2021-07-26 16:19:09.941,785.0,,,,
2021-07-26 16:19:14.266,,759.0,,,
2021-07-26 16:19:14.933,785.0,,,,
2021-07-26 16:19:15.228,,,,,4791.0
2021-07-26 16:19:15.484,,,,716.0,
2021-07-26 16:19:19.924,785.0,,,,
2021-07-26 16:19:20.826,,760.0,,,
2021-07-26 16:19:21.245,,,,,4791.0
2021-07-26 16:19:23.679,,,,715.0,
2021-07-26 16:19:24.922,785.0,,,,
2021-07-26 16:19:27.263,,,,,4750.0
2021-07-26 16:19:29.920,785.0,,,,
2021-07-26 16:19:31.873,,,,715.0,
2021-07-26 16:19:33.267,,,,,4791.0
2021-07-26 16:19:33.946,,760.0,,,
2021-07-26 16:19:34.896,785.0,,,,
2021-07-26 16:19:39.282,,,,,4791.0
2021-07-26 16:19:39.901,785.0,,,,
2021-07-26 16:19:40.063,,,,714.0,
2021-07-26 16:19:40.506,,759.0,,,
2021-07-26 16:19:44.898,785.0,,,,
2021-07-26 16:19:45.293,,,,,4791.0
2021-07-26 16:19:47.067,,758.0,,,
2021-07-26 16:19:48.280,,,,714.0,
2021-07-26 16:19:49.885,784.0,,,,
2021-07-26 16:19:51.362,,,,,4750.0
2021-07-26 16:19:53.626,,759.0,,,
2021-07-26 16:19:54.883,785.0,,,,
2021-07-26 16:19:56.447,,,,713.0,
2021-07-26 16:19:57.320,,,,,4750.0
2021-07-26 16:19:59.875,784.0,,,,
